Workbook

Sheet Ubicacion
A1: UBICACIÓN DE DOCENTES · BACHILLERATO · ICET 2026 | K1: fecha efectiva | L1: =IF(B3<>"",B3,TODAY())
A2: Al abrir muestra sola quién está en cada grupo AHORA. Para consultar otro momento use las celdas amarillas (vacías = ahora). | K2: día | L2: =IFERROR(CHOOSE(WEEKDAY(L1,2),"LUNES","MARTES","MIERCOLES","JUEVES","VIERNES"),"FIN DE SEMANA")
A3: Fecha | C3: ← opcional: escriba otra fecha (dd/mm/aaaa) | K3: minuto | L3: =HOUR(NOW())*60+MINUTE(NOW())
A4: Bloque (90 min) | C4: ← opcional: bloque 1 a 4 | K4: sesión auto | L4: =IF(L3>=MAX(Franjas!$F$2:$F$9),"FUERA DE JORNADA",IFERROR(IF(L3<INDEX(Franjas!$F$2:$F$9,MATCH(L3,Franjas!$E$2:$E$9,1)),MATCH(L3,Franjas!$E$2:$E$9,1),"DESCANSO"),"FUERA DE JORNADA"))
A5: Sesión (45 min) | C5: ← opcional: sesión 1 a 8 (manda sobre el bloque) | K5: sesión manual | L5: =IF(B5<>"",B5,IF(B4<>"",(B4-1)*2+1,""))
K6: sesión efectiva | L6: =IF(L5<>"",L5,IF(L1=TODAY(),L4,"ELEGIR"))
A7: Consulta | B7: =TEXT(L1,"dd/mm/yyyy")&" · "&L2 | K7: clave | L7: =IF(ISNUMBER(L6),L2&"|"&L6,"")
A8: Franja | B8: =IF(ISNUMBER(L6),INDEX(Franjas!$C$2:$C$9,L6)&" - "&INDEX(Franjas!$D$2:$D$9,L6)&" (bloque "&INDEX(Franjas!$B$2:$B$9,L6)&", sesión "&L6&")","—")
A9: Estado | B9: =IF(L2="FIN DE SEMANA","Fin de semana: no hay clases",IF(L6="ELEGIR","Elija un bloque o una sesión para esa fecha",IF(L6="DESCANSO","Descanso: no hay clases en este momento",IF(L6="FUERA DE JORNADA","Fuera de la jornada escolar",IF(L5<>"","Consulta manual","AHORA (automático)")))))
A10: Docentes con clase | B10: =IF(L7="",0,COUNTIF(Horario_Bach!$N$2:$N$1200,L7))
A11: Hora del dispositivo | B11: =TEXT(NOW(),"HH:mm")
A13: # | B13: Grupo | C13: Docente | D13: Área | E13: Tipo | F13: Nota (alternancia / equipo del énfasis)
A14: 1 | B14: =IF($H14="","",INDEX(Horario_Bach!$L$2:$L$1200,$H14)) | C14: =IF($H14="","",INDEX(Horario_Bach!$B$2:$B$1200,$H14)) | D14: =IF($H14="","",INDEX(Horario_Bach!$H$2:$H$1200,$H14)) | E14: =IF($H14="","",IF(INDEX(Horario_Bach!$F$2:$F$1200,$H14)="ENFASIS","Énfasis","Clase")) | F14: =IF($H14="","",INDEX(Horario_Bach!$M$2:$M$1200,$H14)) | H14: =IFERROR(MATCH($L$7&"|"&A14,Horario_Bach!$P$2:$P$1200,0),"")
A15: 2 | B15: =IF($H15="","",INDEX(Horario_Bach!$L$2:$L$1200,$H15)) | C15: =IF($H15="","",INDEX(Horario_Bach!$B$2:$B$1200,$H15)) | D15: =IF($H15="","",INDEX(Horario_Bach!$H$2:$H$1200,$H15)) | E15: =IF($H15="","",IF(INDEX(Horario_Bach!$F$2:$F$1200,$H15)="ENFASIS","Énfasis","Clase")) | F15: =IF($H15="","",INDEX(Horario_Bach!$M$2:$M$1200,$H15)) | H15: =IFERROR(MATCH($L$7&"|"&A15,Horario_Bach!$P$2:$P$1200,0),"")
A16: 3 | B16: =IF($H16="","",INDEX(Horario_Bach!$L$2:$L$1200,$H16)) | C16: =IF($H16="","",INDEX(Horario_Bach!$B$2:$B$1200,$H16)) | D16: =IF($H16="","",INDEX(Horario_Bach!$H$2:$H$1200,$H16)) | E16: =IF($H16="","",IF(INDEX(Horario_Bach!$F$2:$F$1200,$H16)="ENFASIS","Énfasis","Clase")) | F16: =IF($H16="","",INDEX(Horario_Bach!$M$2:$M$1200,$H16)) | H16: =IFERROR(MATCH($L$7&"|"&A16,Horario_Bach!$P$2:$P$1200,0),"")
A17: 4 | B17: =IF($H17="","",INDEX(Horario_Bach!$L$2:$L$1200,$H17)) | C17: =IF($H17="","",INDEX(Horario_Bach!$B$2:$B$1200,$H17)) | D17: =IF($H17="","",INDEX(Horario_Bach!$H$2:$H$1200,$H17)) | E17: =IF($H17="","",IF(INDEX(Horario_Bach!$F$2:$F$1200,$H17)="ENFASIS","Énfasis","Clase")) | F17: =IF($H17="","",INDEX(Horario_Bach!$M$2:$M$1200,$H17)) | H17: =IFERROR(MATCH($L$7&"|"&A17,Horario_Bach!$P$2:$P$1200,0),"")
A18: 5 | B18: =IF($H18="","",INDEX(Horario_Bach!$L$2:$L$1200,$H18)) | C18: =IF($H18="","",INDEX(Horario_Bach!$B$2:$B$1200,$H18)) | D18: =IF($H18="","",INDEX(Horario_Bach!$H$2:$H$1200,$H18)) | E18: =IF($H18="","",IF(INDEX(Horario_Bach!$F$2:$F$1200,$H18)="ENFASIS","Énfasis","Clase")) | F18: =IF($H18="","",INDEX(Horario_Bach!$M$2:$M$1200,$H18)) | H18: =IFERROR(MATCH($L$7&"|"&A18,Horario_Bach!$P$2:$P$1200,0),"")
A19: 6 | B19: =IF($H19="","",INDEX(Horario_Bach!$L$2:$L$1200,$H19)) | C19: =IF($H19="","",INDEX(Horario_Bach!$B$2:$B$1200,$H19)) | D19: =IF($H19="","",INDEX(Horario_Bach!$H$2:$H$1200,$H19)) | E19: =IF($H19="","",IF(INDEX(Horario_Bach!$F$2:$F$1200,$H19)="ENFASIS","Énfasis","Clase")) | F19: =IF($H19="","",INDEX(Horario_Bach!$M$2:$M$1200,$H19)) | H19: =IFERROR(MATCH($L$7&"|"&A19,Horario_Bach!$P$2:$P$1200,0),"")
A20: 7 | B20: =IF($H20="","",INDEX(Horario_Bach!$L$2:$L$1200,$H20)) | C20: =IF($H20="","",INDEX(Horario_Bach!$B$2:$B$1200,$H20)) | D20: =IF($H20="","",INDEX(Horario_Bach!$H$2:$H$1200,$H20)) | E20: =IF($H20="","",IF(INDEX(Horario_Bach!$F$2:$F$1200,$H20)="ENFASIS","Énfasis","Clase")) | F20: =IF($H20="","",INDEX(Horario_Bach!$M$2:$M$1200,$H20)) | H20: =IFERROR(MATCH($L$7&"|"&A20,Horario_Bach!$P$2:$P$1200,0),"")
A21: 8 | B21: =IF($H21="","",INDEX(Horario_Bach!$L$2:$L$1200,$H21)) | C21: =IF($H21="","",INDEX(Horario_Bach!$B$2:$B$1200,$H21)) | D21: =IF($H21="","",INDEX(Horario_Bach!$H$2:$H$1200,$H21)) | E21: =IF($H21="","",IF(INDEX(Horario_Bach!$F$2:$F$1200,$H21)="ENFASIS","Énfasis","Clase")) | F21: =IF($H21="","",INDEX(Horario_Bach!$M$2:$M$1200,$H21)) | H21: =IFERROR(MATCH($L$7&"|"&A21,Horario_Bach!$P$2:$P$1200,0),"")
A22: 9 | B22: =IF($H22="","",INDEX(Horario_Bach!$L$2:$L$1200,$H22)) | C22: =IF($H22="","",INDEX(Horario_Bach!$B$2:$B$1200,$H22)) | D22: =IF($H22="","",INDEX(Horario_Bach!$H$2:$H$1200,$H22)) | E22: =IF($H22="","",IF(INDEX(Horario_Bach!$F$2:$F$1200,$H22)="ENFASIS","Énfasis","Clase")) | F22: =IF($H22="","",INDEX(Horario_Bach!$M$2:$M$1200,$H22)) | H22: =IFERROR(MATCH($L$7&"|"&A22,Horario_Bach!$P$2:$P$1200,0),"")
A23: 10 | B23: =IF($H23="","",INDEX(Horario_Bach!$L$2:$L$1200,$H23)) | C23: =IF($H23="","",INDEX(Horario_Bach!$B$2:$B$1200,$H23)) | D23: =IF($H23="","",INDEX(Horario_Bach!$H$2:$H$1200,$H23)) | E23: =IF($H23="","",IF(INDEX(Horario_Bach!$F$2:$F$1200,$H23)="ENFASIS","Énfasis","Clase")) | F23: =IF($H23="","",INDEX(Horario_Bach!$M$2:$M$1200,$H23)) | H23: =IFERROR(MATCH($L$7&"|"&A23,Horario_Bach!$P$2:$P$1200,0),"")
A24: 11 | B24: =IF($H24="","",INDEX(Horario_Bach!$L$2:$L$1200,$H24)) | C24: =IF($H24="","",INDEX(Horario_Bach!$B$2:$B$1200,$H24)) | D24: =IF($H24="","",INDEX(Horario_Bach!$H$2:$H$1200,$H24)) | E24: =IF($H24="","",IF(INDEX(Horario_Bach!$F$2:$F$1200,$H24)="ENFASIS","Énfasis","Clase")) | F24: =IF($H24="","",INDEX(Horario_Bach!$M$2:$M$1200,$H24)) | H24: =IFERROR(MATCH($L$7&"|"&A24,Horario_Bach!$P$2:$P$1200,0),"")
A25: 12 | B25: =IF($H25="","",INDEX(Horario_Bach!$L$2:$L$1200,$H25)) | C25: =IF($H25="","",INDEX(Horario_Bach!$B$2:$B$1200,$H25)) | D25: =IF($H25="","",INDEX(Horario_Bach!$H$2:$H$1200,$H25)) | E25: =IF($H25="","",IF(INDEX(Horario_Bach!$F$2:$F$1200,$H25)="ENFASIS","Énfasis","Clase")) | F25: =IF($H25="","",INDEX(Horario_Bach!$M$2:$M$1200,$H25)) | H25: =IFERROR(MATCH($L$7&"|"&A25,Horario_Bach!$P$2:$P$1200,0),"")
... A73: 60 | B73: =IF($H73="","",INDEX(Horario_Bach!$L$2:$L$1200,$H73)) | C73: =IF($H73="","",INDEX(Horario_Bach!$B$2:$B$1200,$H73)) | D73: =IF($H73="","",INDEX(Horario_Bach!$H$2:$H$1200,$H73)) | E73: =IF($H73="","",IF(INDEX(Horario_Bach!$F$2:$F$1200,$H73)="ENFASIS","Énfasis","Clase")) | F73: =IF($H73="","",INDEX(Horario_Bach!$M$2:$M$1200,$H73)) | H73: =IFERROR(MATCH($L$7&"|"&A73,Horario_Bach!$P$2:$P$1200,0),"")

Sheet Por_Docente
A1: DÓNDE ESTÁ CADA DOCENTE · BACHILLERATO
A2: Usa la misma fecha, bloque y sesión de la hoja Ubicacion.
A3: Consulta | B3: =Ubicacion!B7
A4: Franja | B4: =Ubicacion!B8
A5: Estado | B5: =Ubicacion!B9
A7: Docente | B7: Dónde está (grupo) | C7: Área | D7: Tipo | E7: n
A8: Aguirre Riascos Jorge Andrés | B8: =IF(NOT(ISNUMBER(Ubicacion!$L$6)),"—",IFERROR(INDEX(Horario_Bach!$L$2:$L$1200,MATCH(Ubicacion!$L$2&"|"&Ubicacion!$L$6&"|"&$E8,Horario_Bach!$Q$2:$Q$1200,0)),"Libre (sin clase)")) | C8: =IF(NOT(ISNUMBER(Ubicacion!$L$6)),"",IFERROR(INDEX(Horario_Bach!$H$2:$H$1200,MATCH(Ubicacion!$L$2&"|"&Ubicacion!$L$6&"|"&$E8,Horario_Bach!$Q$2:$Q$1200,0)),"")) | D8: =IF(NOT(ISNUMBER(Ubicacion!$L$6)),"",IFERROR(IF(INDEX(Horario_Bach!$F$2:$F$1200,MATCH(Ubicacion!$L$2&"|"&Ubicacion!$L$6&"|"&$E8,Horario_Bach!$Q$2:$Q$1200,0))="ENFASIS","Énfasis","Clase"),"")) | E8: 1
A9: Angulo Lucero Andrés Mauricio | B9: =IF(NOT(ISNUMBER(Ubicacion!$L$6)),"—",IFERROR(INDEX(Horario_Bach!$L$2:$L$1200,MATCH(Ubicacion!$L$2&"|"&Ubicacion!$L$6&"|"&$E9,Horario_Bach!$Q$2:$Q$1200,0)),"Libre (sin clase)")) | C9: =IF(NOT(ISNUMBER(Ubicacion!$L$6)),"",IFERROR(INDEX(Horario_Bach!$H$2:$H$1200,MATCH(Ubicacion!$L$2&"|"&Ubicacion!$L$6&"|"&$E9,Horario_Bach!$Q$2:$Q$1200,0)),"")) | D9: =IF(NOT(ISNUMBER(Ubicacion!$L$6)),"",IFERROR(IF(INDEX(Horario_Bach!$F$2:$F$1200,MATCH(Ubicacion!$L$2&"|"&Ubicacion!$L$6&"|"&$E9,Horario_Bach!$Q$2:$Q$1200,0))="ENFASIS","Énfasis","Clase"),"")) | E9: 2
A10: Arboleda Ortiz Luz América | B10: =IF(NOT(ISNUMBER(Ubicacion!$L$6)),"—",IFERROR(INDEX(Horario_Bach!$L$2:$L$1200,MATCH(Ubicacion!$L$2&"|"&Ubicacion!$L$6&"|"&$E10,Horario_Bach!$Q$2:$Q$1200,0)),"Libre (sin clase)")) | C10: =IF(NOT(ISNUMBER(Ubicacion!$L$6)),"",IFERROR(INDEX(Horario_Bach!$H$2:$H$1200,MATCH(Ubicacion!$L$2&"|"&Ubicacion!$L$6&"|"&$E10,Horario_Bach!$Q$2:$Q$1200,0)),"")) | D10: =IF(NOT(ISNUMBER(Ubicacion!$L$6)),"",IFERROR(IF(INDEX(Horario_Bach!$F$2:$F$1200,MATCH(Ubicacion!$L$2&"|"&Ubicacion!$L$6&"|"&$E10,Horario_Bach!$Q$2:$Q$1200,0))="ENFASIS","Énfasis","Clase"),"")) | E10: 3
A11: Arizala Castro Roberto Carlos | B11: =IF(NOT(ISNUMBER(Ubicacion!$L$6)),"—",IFERROR(INDEX(Horario_Bach!$L$2:$L$1200,MATCH(Ubicacion!$L$2&"|"&Ubicacion!$L$6&"|"&$E11,Horario_Bach!$Q$2:$Q$1200,0)),"Libre (sin clase)")) | C11: =IF(NOT(ISNUMBER(Ubicacion!$L$6)),"",IFERROR(INDEX(Horario_Bach!$H$2:$H$1200,MATCH(Ubicacion!$L$2&"|"&Ubicacion!$L$6&"|"&$E11,Horario_Bach!$Q$2:$Q$1200,0)),"")) | D11: =IF(NOT(ISNUMBER(Ubicacion!$L$6)),"",IFERROR(IF(INDEX(Horario_Bach!$F$2:$F$1200,MATCH(Ubicacion!$L$2&"|"&Ubicacion!$L$6&"|"&$E11,Horario_Bach!$Q$2:$Q$1200,0))="ENFASIS","Énfasis","Clase"),"")) | E11: 4
A12: Armero Dájome Jesús | B12: =IF(NOT(ISNUMBER(Ubicacion!$L$6)),"—",IFERROR(INDEX(Horario_Bach!$L$2:$L$1200,MATCH(Ubicacion!$L$2&"|"&Ubicacion!$L$6&"|"&$E12,Horario_Bach!$Q$2:$Q$1200,0)),"Libre (sin clase)")) | C12: =IF(NOT(ISNUMBER(Ubicacion!$L$6)),"",IFERROR(INDEX(Horario_Bach!$H$2:$H$1200,MATCH(Ubicacion!$L$2&"|"&Ubicacion!$L$6&"|"&$E12,Horario_Bach!$Q$2:$Q$1200,0)),"")) | D12: =IF(NOT(ISNUMBER(Ubicacion!$L$6)),"",IFERROR(IF(INDEX(Horario_Bach!$F$2:$F$1200,MATCH(Ubicacion!$L$2&"|"&Ubicacion!$L$6&"|"&$E12,Horario_Bach!$Q$2:$Q$1200,0))="ENFASIS","Énfasis","Clase"),"")) | E12: 57
A13: Bastidas Valencia Zeneida Judith | B13: =IF(NOT(ISNUMBER(Ubicacion!$L$6)),"—",IFERROR(INDEX(Horario_Bach!$L$2:$L$1200,MATCH(Ubicacion!$L$2&"|"&Ubicacion!$L$6&"|"&$E13,Horario_Bach!$Q$2:$Q$1200,0)),"Libre (sin clase)")) | C13: =IF(NOT(ISNUMBER(Ubicacion!$L$6)),"",IFERROR(INDEX(Horario_Bach!$H$2:$H$1200,MATCH(Ubicacion!$L$2&"|"&Ubicacion!$L$6&"|"&$E13,Horario_Bach!$Q$2:$Q$1200,0)),"")) | D13: =IF(NOT(ISNUMBER(Ubicacion!$L$6)),"",IFERROR(IF(INDEX(Horario_Bach!$F$2:$F$1200,MATCH(Ubicacion!$L$2&"|"&Ubicacion!$L$6&"|"&$E13,Horario_Bach!$Q$2:$Q$1200,0))="ENFASIS","Énfasis","Clase"),"")) | E13: 5
A14: Betancourth Ocampo Yohana Patricia | B14: =IF(NOT(ISNUMBER(Ubicacion!$L$6)),"—",IFERROR(INDEX(Horario_Bach!$L$2:$L$1200,MATCH(Ubicacion!$L$2&"|"&Ubicacion!$L$6&"|"&$E14,Horario_Bach!$Q$2:$Q$1200,0)),"Libre (sin clase)")) | C14: =IF(NOT(ISNUMBER(Ubicacion!$L$6)),"",IFERROR(INDEX(Horario_Bach!$H$2:$H$1200,MATCH(Ubicacion!$L$2&"|"&Ubicacion!$L$6&"|"&$E14,Horario_Bach!$Q$2:$Q$1200,0)),"")) | D14: =IF(NOT(ISNUMBER(Ubicacion!$L$6)),"",IFERROR(IF(INDEX(Horario_Bach!$F$2:$F$1200,MATCH(Ubicacion!$L$2&"|"&Ubicacion!$L$6&"|"&$E14,Horario_Bach!$Q$2:$Q$1200,0))="ENFASIS","Énfasis","Clase"),"")) | E14: 6
A15: Casanova Quiñones Yoli del Carmen | B15: =IF(NOT(ISNUMBER(Ubicacion!$L$6)),"—",IFERROR(INDEX(Horario_Bach!$L$2:$L$1200,MATCH(Ubicacion!$L$2&"|"&Ubicacion!$L$6&"|"&$E15,Horario_Bach!$Q$2:$Q$1200,0)),"Libre (sin clase)")) | C15: =IF(NOT(ISNUMBER(Ubicacion!$L$6)),"",IFERROR(INDEX(Horario_Bach!$H$2:$H$1200,MATCH(Ubicacion!$L$2&"|"&Ubicacion!$L$6&"|"&$E15,Horario_Bach!$Q$2:$Q$1200,0)),"")) | D15: =IF(NOT(ISNUMBER(Ubicacion!$L$6)),"",IFERROR(IF(INDEX(Horario_Bach!$F$2:$F$1200,MATCH(Ubicacion!$L$2&"|"&Ubicacion!$L$6&"|"&$E15,Horario_Bach!$Q$2:$Q$1200,0))="ENFASIS","Énfasis","Clase"),"")) | E15: 8
A16: Castillo Angulo Martha Cecilia | B16: =IF(NOT(ISNUMBER(Ubicacion!$L$6)),"—",IFERROR(INDEX(Horario_Bach!$L$2:$L$1200,MATCH(Ubicacion!$L$2&"|"&Ubicacion!$L$6&"|"&$E16,Horario_Bach!$Q$2:$Q$1200,0)),"Libre (sin clase)")) | C16: =IF(NOT(ISNUMBER(Ubicacion!$L$6)),"",IFERROR(INDEX(Horario_Bach!$H$2:$H$1200,MATCH(Ubicacion!$L$2&"|"&Ubicacion!$L$6&"|"&$E16,Horario_Bach!$Q$2:$Q$1200,0)),"")) | D16: =IF(NOT(ISNUMBER(Ubicacion!$L$6)),"",IFERROR(IF(INDEX(Horario_Bach!$F$2:$F$1200,MATCH(Ubicacion!$L$2&"|"&Ubicacion!$L$6&"|"&$E16,Horario_Bach!$Q$2:$Q$1200,0))="ENFASIS","Énfasis","Clase"),"")) | E16: 9
A17: Castillo Cuero Daira Eneida | B17: =IF(NOT(ISNUMBER(Ubicacion!$L$6)),"—",IFERROR(INDEX(Horario_Bach!$L$2:$L$1200,MATCH(Ubicacion!$L$2&"|"&Ubicacion!$L$6&"|"&$E17,Horario_Bach!$Q$2:$Q$1200,0)),"Libre (sin clase)")) | C17: =IF(NOT(ISNUMBER(Ubicacion!$L$6)),"",IFERROR(INDEX(Horario_Bach!$H$2:$H$1200,MATCH(Ubicacion!$L$2&"|"&Ubicacion!$L$6&"|"&$E17,Horario_Bach!$Q$2:$Q$1200,0)),"")) | D17: =IF(NOT(ISNUMBER(Ubicacion!$L$6)),"",IFERROR(IF(INDEX(Horario_Bach!$F$2:$F$1200,MATCH(Ubicacion!$L$2&"|"&Ubicacion!$L$6&"|"&$E17,Horario_Bach!$Q$2:$Q$1200,0))="ENFASIS","Énfasis","Clase"),"")) | E17: 10
A18: Chillambo Quiñones María Rocío | B18: =IF(NOT(ISNUMBER(Ubicacion!$L$6)),"—",IFERROR(INDEX(Horario_Bach!$L$2:$L$1200,MATCH(Ubicacion!$L$2&"|"&Ubicacion!$L$6&"|"&$E18,Horario_Bach!$Q$2:$Q$1200,0)),"Libre (sin clase)")) | C18: =IF(NOT(ISNUMBER(Ubicacion!$L$6)),"",IFERROR(INDEX(Horario_Bach!$H$2:$H$1200,MATCH(Ubicacion!$L$2&"|"&Ubicacion!$L$6&"|"&$E18,Horario_Bach!$Q$2:$Q$1200,0)),"")) | D18: =IF(NOT(ISNUMBER(Ubicacion!$L$6)),"",IFERROR(IF(INDEX(Horario_Bach!$F$2:$F$1200,MATCH(Ubicacion!$L$2&"|"&Ubicacion!$L$6&"|"&$E18,Horario_Bach!$Q$2:$Q$1200,0))="ENFASIS","Énfasis","Clase"),"")) | E18: 12
A19: Cuero Bamba Berte Levi | B19: =IF(NOT(ISNUMBER(Ubicacion!$L$6)),"—",IFERROR(INDEX(Horario_Bach!$L$2:$L$1200,MATCH(Ubicacion!$L$2&"|"&Ubicacion!$L$6&"|"&$E19,Horario_Bach!$Q$2:$Q$1200,0)),"Libre (sin clase)")) | C19: =IF(NOT(ISNUMBER(Ubicacion!$L$6)),"",IFERROR(INDEX(Horario_Bach!$H$2:$H$1200,MATCH(Ubicacion!$L$2&"|"&Ubicacion!$L$6&"|"&$E19,Horario_Bach!$Q$2:$Q$1200,0)),"")) | D19: =IF(NOT(ISNUMBER(Ubicacion!$L$6)),"",IFERROR(IF(INDEX(Horario_Bach!$F$2:$F$1200,MATCH(Ubicacion!$L$2&"|"&Ubicacion!$L$6&"|"&$E19,Horario_Bach!$Q$2:$Q$1200,0))="ENFASIS","Énfasis","Clase"),"")) | E19: 15
... A45: Vásquez Valencia Segundo Leoncio | B45: =IF(NOT(ISNUMBER(Ubicacion!$L$6)),"—",IFERROR(INDEX(Horario_Bach!$L$2:$L$1200,MATCH(Ubicacion!$L$2&"|"&Ubicacion!$L$6&"|"&$E45,Horario_Bach!$Q$2:$Q$1200,0)),"Libre (sin clase)")) | C45: =IF(NOT(ISNUMBER(Ubicacion!$L$6)),"",IFERROR(INDEX(Horario_Bach!$H$2:$H$1200,MATCH(Ubicacion!$L$2&"|"&Ubicacion!$L$6&"|"&$E45,Horario_Bach!$Q$2:$Q$1200,0)),"")) | D45: =IF(NOT(ISNUMBER(Ubicacion!$L$6)),"",IFERROR(IF(INDEX(Horario_Bach!$F$2:$F$1200,MATCH(Ubicacion!$L$2&"|"&Ubicacion!$L$6&"|"&$E45,Horario_Bach!$Q$2:$Q$1200,0))="ENFASIS","Énfasis","Clase"),"")) | E45: 52

Sheet Horario_Bach
A1: docente_n | B1: docente | C1: dia | D1: sesion | E1: bloque | F1: tipo | G1: grupo | H1: area | I1: grupos_enfasis | J1: alternancia | K1: equipo_enfasis | L1: grupo_mostrar | M1: nota | N1: clave | O1: orden | P1: indice | Q1: clave_docente
A2: 37 | B2: Prado Quiñones Genís Maribel | C2: LUNES | D2: 1 | E2: 1 | F2: CLASE | G2: 0601 | H2: ART | L2: 6°-1 | N2: =C2&"|"&D2 | O2: =COUNTIF($N$2:N2,N2) | P2: =N2&"|"&O2 | Q2: =C2&"|"&D2&"|"&A2
A3: 26 | B3: Lozano Torres Amanda Inés | C3: LUNES | D3: 1 | E3: 1 | F3: CLASE | G3: 0602 | H3: ETR | J3: Ética / Religión (alternan cada semana) | L3: 6°-2 | M3: Ética / Religión (alternan cada semana) | N3: =C3&"|"&D3 | O3: =COUNTIF($N$2:N3,N3) | P3: =N3&"|"&O3 | Q3: =C3&"|"&D3&"|"&A3
A4: 39 | B4: Puches Ana Milena | C4: LUNES | D4: 1 | E4: 1 | F4: CLASE | G4: 0704 | H4: ART | L4: 7°-4 | N4: =C4&"|"&D4 | O4: =COUNTIF($N$2:N4,N4) | P4: =N4&"|"&O4 | Q4: =C4&"|"&D4&"|"&A4
A5: 35 | B5: Ortiz Araujo Adiela Carlota | C5: LUNES | D5: 1 | E5: 1 | F5: CLASE | G5: 0801 | H5: CSI | J5: Sociales / Inglés (alternan cada semana) | L5: 8°-1 | M5: Sociales / Inglés (alternan cada semana) | N5: =C5&"|"&D5 | O5: =COUNTIF($N$2:N5,N5) | P5: =N5&"|"&O5 | Q5: =C5&"|"&D5&"|"&A5
A6: 15 | B6: Cuero Bamba Berte Levi | C6: LUNES | D6: 1 | E6: 1 | F6: CLASE | G6: 0802 | H6: ERD | L6: 8°-2 | N6: =C6&"|"&D6 | O6: =COUNTIF($N$2:N6,N6) | P6: =N6&"|"&O6 | Q6: =C6&"|"&D6&"|"&A6
A7: 6 | B7: Betancourth Ocampo Yohana Patricia | C7: LUNES | D7: 1 | E7: 1 | F7: CLASE | G7: 0901 | H7: CSI | J7: Sociales / Inglés (alternan cada semana) | L7: 9°-1 | M7: Sociales / Inglés (alternan cada semana) | N7: =C7&"|"&D7 | O7: =COUNTIF($N$2:N7,N7) | P7: =N7&"|"&O7 | Q7: =C7&"|"&D7&"|"&A7
A8: 49 | B8: Valencia Marínez Saidy Eufemia | C8: LUNES | D8: 1 | E8: 1 | F8: CLASE | G8: 0902 | H8: ART | L8: 9°-2 | N8: =C8&"|"&D8 | O8: =COUNTIF($N$2:N8,N8) | P8: =N8&"|"&O8 | Q8: =C8&"|"&D8&"|"&A8
A9: 31 | B9: Montaño Arizala Leidis Claudina | C9: LUNES | D9: 1 | E9: 1 | F9: CLASE | G9: 1002 | H9: ETR | J9: Ética / Religión (alternan cada semana) | L9: 10°-2 | M9: Ética / Religión (alternan cada semana) | N9: =C9&"|"&D9 | O9: =COUNTIF($N$2:N9,N9) | P9: =N9&"|"&O9 | Q9: =C9&"|"&D9&"|"&A9
A10: 2 | B10: Angulo Lucero Andrés Mauricio | C10: LUNES | D10: 1 | E10: 1 | F10: CLASE | G10: 1101 | H10: TEI | L10: 11°-1 | N10: =C10&"|"&D10 | O10: =COUNTIF($N$2:N10,N10) | P10: =N10&"|"&O10 | Q10: =C10&"|"&D10&"|"&A10
A11: 40 | B11: Pulgarín Ortiz César Marino | C11: LUNES | D11: 1 | E11: 1 | F11: CLASE | G11: 1102 | H11: CSI | J11: Sociales / Inglés (alternan cada semana) | L11: 11°-2 | M11: Sociales / Inglés (alternan cada semana) | N11: =C11&"|"&D11 | O11: =COUNTIF($N$2:N11,N11) | P11: =N11&"|"&O11 | Q11: =C11&"|"&D11&"|"&A11
A12: 16 | B12: Cuero Rincón Hernando Jesús | C12: LUNES | D12: 1 | E12: 1 | F12: CLASE | G12: CS101 | H12: CAS | L12: CS 1-1 | N12: =C12&"|"&D12 | O12: =COUNTIF($N$2:N12,N12) | P12: =N12&"|"&O12 | Q12: =C12&"|"&D12&"|"&A12
A13: 42 | B13: Quiñones Cabezas Marcos Vidal | C13: LUNES | D13: 1 | E13: 1 | F13: CLASE | G13: CS102 | H13: TEI | L13: CS 1-2 | N13: =C13&"|"&D13 | O13: =COUNTIF($N$2:N13,N13) | P13: =N13&"|"&O13 | Q13: =C13&"|"&D13&"|"&A13
A14: 19 | B14: Fernández Vélez Alfredo Enrique | C14: LUNES | D14: 1 | E14: 1 | F14: CLASE | G14: CS201 | H14: TEI | L14: CS 2-1 | N14: =C14&"|"&D14 | O14: =COUNTIF($N$2:N14,N14) | P14: =N14&"|"&O14 | Q14: =C14&"|"&D14&"|"&A14
A15: 12 | B15: Chillambo Quiñones María Rocío | C15: LUNES | D15: 1 | E15: 1 | F15: CLASE | G15: CS202 | H15: CNA | L15: CS 2-2 | N15: =C15&"|"&D15 | O15: =COUNTIF($N$2:N15,N15) | P15: =N15&"|"&O15 | Q15: =C15&"|"&D15&"|"&A15
A16: 44 | B16: Samaniego Angulo Flor Mireya | C16: LUNES | D16: 1 | E16: 1 | F16: ENFASIS | H16: ART | I16: 0701 | J16: PAREJA: comparten el énfasis y alternan por semana | K16: Valverde Montaño María Teresa (CAS) | L16: ÉNFASIS 7°-1 | M16: PAREJA: comparten el énfasis y alternan por semana · Con: Valverde Montaño María Teresa (CAS) | N16: =C16&"|"&D16 | O16: =COUNTIF($N$2:N16,N16) | P16: =N16&"|"&O16 | Q16: =C16&"|"&D16&"|"&A16
A17: 51 | B17: Valverde Montaño María Teresa | C17: LUNES | D17: 1 | E17: 1 | F17: ENFASIS | H17: CAS | I17: 0701 | J17: PAREJA: comparten el énfasis y alternan por semana | K17: Samaniego Angulo Flor Mireya (ART) | L17: ÉNFASIS 7°-1 | M17: PAREJA: comparten el énfasis y alternan por semana · Con: Samaniego Angulo Flor Mireya (ART) | N17: =C17&"|"&D17 | O17: =COUNTIF($N$2:N17,N17) | P17: =N17&"|"&O17 | Q17: =C17&"|"&D17&"|"&A17
A18: 34 | B18: Ordóñez Tenorio Jaime Marcial | C18: LUNES | D18: 1 | E18: 1 | F18: ENFASIS | H18: CNA | I18: 0702 | J18: PAREJA: comparten el énfasis y alternan por semana | K18: Armero Dájome Jesús (ERD) | L18: ÉNFASIS 7°-2 | M18: PAREJA: comparten el énfasis y alternan por semana · Con: Armero Dájome Jesús (ERD) | N18: =C18&"|"&D18 | O18: =COUNTIF($N$2:N18,N18) | P18: =N18&"|"&O18 | Q18: =C18&"|"&D18&"|"&A18
A19: 4 | B19: Arizala Castro Roberto Carlos | C19: LUNES | D19: 1 | E19: 1 | F19: ENFASIS | H19: ERD | I19: 0702 | J19: PAREJA: comparten el énfasis y alternan por semana | K19: Ordóñez Tenorio Jaime Marcial (CNA) | L19: ÉNFASIS 7°-2 | M19: PAREJA: comparten el énfasis y alternan por semana · Con: Ordóñez Tenorio Jaime Marcial (CNA) | N19: =C19&"|"&D19 | O19: =COUNTIF($N$2:N19,N19) | P19: =N19&"|"&O19 | Q19: =C19&"|"&D19&"|"&A19
A20: 8 | B20: Casanova Quiñones Yoli del Carmen | C20: LUNES | D20: 1 | E20: 1 | F20: ENFASIS | H20: ETR | I20: 0703 | J20: PAREJA: comparten el énfasis y alternan por semana | K20: Quintero Ramírez María del Carmen (CSI) | L20: ÉNFASIS 7°-3 | M20: PAREJA: comparten el énfasis y alternan por semana · Con: Quintero Ramírez María del Carmen (CSI) | N20: =C20&"|"&D20 | O20: =COUNTIF($N$2:N20,N20) | P20: =N20&"|"&O20 | Q20: =C20&"|"&D20&"|"&A20
A21: 41 | B21: Quintero Ramírez María del Carmen | C21: LUNES | D21: 1 | E21: 1 | F21: ENFASIS | H21: CSI | I21: 0703 | J21: PAREJA: comparten el énfasis y alternan por semana | K21: Casanova Quiñones Yoli del Carmen (ETR) | L21: ÉNFASIS 7°-3 | M21: PAREJA: comparten el énfasis y alternan por semana · Con: Casanova Quiñones Yoli del Carmen (ETR) | N21: =C21&"|"&D21 | O21: =COUNTIF($N$2:N21,N21) | P21: =N21&"|"&O21 | Q21: =C21&"|"&D21&"|"&A21
A22: 3 | B22: Arboleda Ortiz Luz América | C22: LUNES | D22: 1 | E22: 1 | F22: ENFASIS | H22: ART | I22: 1001 | J22: EQUIPO DE 4: cada docente atiende un grupo de estudiantes en su área | K22: Montaño Anchico Favio Héctor (CAS); Ramírez Guerra Jimmy Eduardo (ERD); Villota Rubio Héctor Hugo (CNA) | L22: ÉNFASIS 10°-1 | M22: EQUIPO DE 4: cada docente atiende un grupo de estudiantes en su área · Con: Montaño Anchico Favio Héctor (CAS); Ramírez Guerra Jimmy Eduardo (ERD); Villota Rubio Héctor Hugo (CNA) | N22: =C22&"|"&D22 | O22: =COUNTIF($N$2:N22,N22) | P22: =N22&"|"&O22 | Q22: =C22&"|"&D22&"|"&A22
A23: 30 | B23: Montaño Anchico Favio Héctor | C23: LUNES | D23: 1 | E23: 1 | F23: ENFASIS | H23: CAS | I23: 1001 | J23: EQUIPO DE 4: cada docente atiende un grupo de estudiantes en su área | K23: Arboleda Ortiz Luz América (ART); Ramírez Guerra Jimmy Eduardo (ERD); Villota Rubio Héctor Hugo (CNA) | L23: ÉNFASIS 10°-1 | M23: EQUIPO DE 4: cada docente atiende un grupo de estudiantes en su área · Con: Arboleda Ortiz Luz América (ART); Ramírez Guerra Jimmy Eduardo (ERD); Villota Rubio Héctor Hugo (CNA) | N23: =C23&"|"&D23 | O23: =COUNTIF($N$2:N23,N23) | P23: =N23&"|"&O23 | Q23: =C23&"|"&D23&"|"&A23
A24: 43 | B24: Ramírez Guerra Jimmy Eduardo | C24: LUNES | D24: 1 | E24: 1 | F24: ENFASIS | H24: ERD | I24: 1001 | J24: EQUIPO DE 4: cada docente atiende un grupo de estudiantes en su área | K24: Arboleda Ortiz Luz América (ART); Montaño Anchico Favio Héctor (CAS); Villota Rubio Héctor Hugo (CNA) | L24: ÉNFASIS 10°-1 | M24: EQUIPO DE 4: cada docente atiende un grupo de estudiantes en su área · Con: Arboleda Ortiz Luz América (ART); Montaño Anchico Favio Héctor (CAS); Villota Rubio Héctor Hugo (CNA) | N24: =C24&"|"&D24 | O24: =COUNTIF($N$2:N24,N24) | P24: =N24&"|"&O24 | Q24: =C24&"|"&D24&"|"&A24
A25: 53 | B25: Villota Rubio Héctor Hugo | C25: LUNES | D25: 1 | E25: 1 | F25: ENFASIS | H25: CNA | I25: 1001 | J25: EQUIPO DE 4: cada docente atiende un grupo de estudiantes en su área | K25: Arboleda Ortiz Luz América (ART); Montaño Anchico Favio Héctor (CAS); Ramírez Guerra Jimmy Eduardo (ERD) | L25: ÉNFASIS 10°-1 | M25: EQUIPO DE 4: cada docente atiende un grupo de estudiantes en su área · Con: Arboleda Ortiz Luz América (ART); Montaño Anchico Favio Héctor (CAS); Ramírez Guerra Jimmy Eduardo (ERD) | N25: =C25&"|"&D25 | O25: =COUNTIF($N$2:N25,N25) | P25: =N25&"|"&O25 | Q25: =C25&"|"&D25&"|"&A25
A26: 37 | B26: Prado Quiñones Genís Maribel | C26: LUNES | D26: 2 | E26: 1 | F26: CLASE | G26: 0601 | H26: ART | L26: 6°-1 | N26: =C26&"|"&D26 | O26: =COUNTIF($N$2:N26,N26) | P26: =N26&"|"&O26 | Q26: =C26&"|"&D26&"|"&A26
A27: 26 | B27: Lozano Torres Amanda Inés | C27: LUNES | D27: 2 | E27: 1 | F27: CLASE | G27: 0602 | H27: ETR | J27: Ética / Religión (alternan cada semana) | L27: 6°-2 | M27: Ética / Religión (alternan cada semana) | N27: =C27&"|"&D27 | O27: =COUNTIF($N$2:N27,N27) | P27: =N27&"|"&O27 | Q27: =C27&"|"&D27&"|"&A27
A28: 39 | B28: Puches Ana Milena | C28: LUNES | D28: 2 | E28: 1 | F28: CLASE | G28: 0704 | H28: ART | L28: 7°-4 | N28: =C28&"|"&D28 | O28: =COUNTIF($N$2:N28,N28) | P28: =N28&"|"&O28 | Q28: =C28&"|"&D28&"|"&A28
A29: 35 | B29: Ortiz Araujo Adiela Carlota | C29: LUNES | D29: 2 | E29: 1 | F29: CLASE | G29: 0801 | H29: CSI | J29: Sociales / Inglés (alternan cada semana) | L29: 8°-1 | M29: Sociales / Inglés (alternan cada semana) | N29: =C29&"|"&D29 | O29: =COUNTIF($N$2:N29,N29) | P29: =N29&"|"&O29 | Q29: =C29&"|"&D29&"|"&A29
A30: 15 | B30: Cuero Bamba Berte Levi | C30: LUNES | D30: 2 | E30: 1 | F30: CLASE | G30: 0802 | H30: ERD | L30: 8°-2 | N30: =C30&"|"&D30 | O30: =COUNTIF($N$2:N30,N30) | P30: =N30&"|"&O30 | Q30: =C30&"|"&D30&"|"&A30
A31: 6 | B31: Betancourth Ocampo Yohana Patricia | C31: LUNES | D31: 2 | E31: 1 | F31: CLASE | G31: 0901 | H31: CSI | J31: Sociales / Inglés (alternan cada semana) | L31: 9°-1 | M31: Sociales / Inglés (alternan cada semana) | N31: =C31&"|"&D31 | O31: =COUNTIF($N$2:N31,N31) | P31: =N31&"|"&O31 | Q31: =C31&"|"&D31&"|"&A31
A32: 49 | B32: Valencia Marínez Saidy Eufemia | C32: LUNES | D32: 2 | E32: 1 | F32: CLASE | G32: 0902 | H32: ART | L32: 9°-2 | N32: =C32&"|"&D32 | O32: =COUNTIF($N$2:N32,N32) | P32: =N32&"|"&O32 | Q32: =C32&"|"&D32&"|"&A32
A33: 31 | B33: Montaño Arizala Leidis Claudina | C33: LUNES | D33: 2 | E33: 1 | F33: CLASE | G33: 1002 | H33: ETR | J33: Ética / Religión (alternan cada semana) | L33: 10°-2 | M33: Ética / Religión (alternan cada semana) | N33: =C33&"|"&D33 | O33: =COUNTIF($N$2:N33,N33) | P33: =N33&"|"&O33 | Q33: =C33&"|"&D33&"|"&A33
A34: 2 | B34: Angulo Lucero Andrés Mauricio | C34: LUNES | D34: 2 | E34: 1 | F34: CLASE | G34: 1101 | H34: TEI | L34: 11°-1 | N34: =C34&"|"&D34 | O34: =COUNTIF($N$2:N34,N34) | P34: =N34&"|"&O34 | Q34: =C34&"|"&D34&"|"&A34
A35: 40 | B35: Pulgarín Ortiz César Marino | C35: LUNES | D35: 2 | E35: 1 | F35: CLASE | G35: 1102 | H35: CSI | J35: Sociales / Inglés (alternan cada semana) | L35: 11°-2 | M35: Sociales / Inglés (alternan cada semana) | N35: =C35&"|"&D35 | O35: =COUNTIF($N$2:N35,N35) | P35: =N35&"|"&O35 | Q35: =C35&"|"&D35&"|"&A35
A36: 16 | B36: Cuero Rincón Hernando Jesús | C36: LUNES | D36: 2 | E36: 1 | F36: CLASE | G36: CS101 | H36: CAS | L36: CS 1-1 | N36: =C36&"|"&D36 | O36: =COUNTIF($N$2:N36,N36) | P36: =N36&"|"&O36 | Q36: =C36&"|"&D36&"|"&A36
A37: 42 | B37: Quiñones Cabezas Marcos Vidal | C37: LUNES | D37: 2 | E37: 1 | F37: CLASE | G37: CS102 | H37: TEI | L37: CS 1-2 | N37: =C37&"|"&D37 | O37: =COUNTIF($N$2:N37,N37) | P37: =N37&"|"&O37 | Q37: =C37&"|"&D37&"|"&A37
A38: 19 | B38: Fernández Vélez Alfredo Enrique | C38: LUNES | D38: 2 | E38: 1 | F38: CLASE | G38: CS201 | H38: TEI | L38: CS 2-1 | N38: =C38&"|"&D38 | O38: =COUNTIF($N$2:N38,N38) | P38: =N38&"|"&O38 | Q38: =C38&"|"&D38&"|"&A38
A39: 12 | B39: Chillambo Quiñones María Rocío | C39: LUNES | D39: 2 | E39: 1 | F39: CLASE | G39: CS202 | H39: CNA | L39: CS 2-2 | N39: =C39&"|"&D39 | O39: =COUNTIF($N$2:N39,N39) | P39: =N39&"|"&O39 | Q39: =C39&"|"&D39&"|"&A39
A40: 44 | B40: Samaniego Angulo Flor Mireya | C40: LUNES | D40: 2 | E40: 1 | F40: ENFASIS | H40: ART | I40: 0701 | J40: PAREJA: comparten el énfasis y alternan por semana | K40: Valverde Montaño María Teresa (CAS) | L40: ÉNFASIS 7°-1 | M40: PAREJA: comparten el énfasis y alternan por semana · Con: Valverde Montaño María Teresa (CAS) | N40: =C40&"|"&D40 | O40: =COUNTIF($N$2:N40,N40) | P40: =N40&"|"&O40 | Q40: =C40&"|"&D40&"|"&A40
A41: 51 | B41: Valverde Montaño María Teresa | C41: LUNES | D41: 2 | E41: 1 | F41: ENFASIS | H41: CAS | I41: 0701 | J41: PAREJA: comparten el énfasis y alternan por semana | K41: Samaniego Angulo Flor Mireya (ART) | L41: ÉNFASIS 7°-1 | M41: PAREJA: comparten el énfasis y alternan por semana · Con: Samaniego Angulo Flor Mireya (ART) | N41: =C41&"|"&D41 | O41: =COUNTIF($N$2:N41,N41) | P41: =N41&"|"&O41 | Q41: =C41&"|"&D41&"|"&A41
A42: 34 | B42: Ordóñez Tenorio Jaime Marcial | C42: LUNES | D42: 2 | E42: 1 | F42: ENFASIS | H42: CNA | I42: 0702 | J42: PAREJA: comparten el énfasis y alternan por semana | K42: Armero Dájome Jesús (ERD) | L42: ÉNFASIS 7°-2 | M42: PAREJA: comparten el énfasis y alternan por semana · Con: Armero Dájome Jesús (ERD) | N42: =C42&"|"&D42 | O42: =COUNTIF($N$2:N42,N42) | P42: =N42&"|"&O42 | Q42: =C42&"|"&D42&"|"&A42
A43: 4 | B43: Arizala Castro Roberto Carlos | C43: LUNES | D43: 2 | E43: 1 | F43: ENFASIS | H43: ERD | I43: 0702 | J43: PAREJA: comparten el énfasis y alternan por semana | K43: Ordóñez Tenorio Jaime Marcial (CNA) | L43: ÉNFASIS 7°-2 | M43: PAREJA: comparten el énfasis y alternan por semana · Con: Ordóñez Tenorio Jaime Marcial (CNA) | N43: =C43&"|"&D43 | O43: =COUNTIF($N$2:N43,N43) | P43: =N43&"|"&O43 | Q43: =C43&"|"&D43&"|"&A43
A44: 8 | B44: Casanova Quiñones Yoli del Carmen | C44: LUNES | D44: 2 | E44: 1 | F44: ENFASIS | H44: ETR | I44: 0703 | J44: PAREJA: comparten el énfasis y alternan por semana | K44: Quintero Ramírez María del Carmen (CSI) | L44: ÉNFASIS 7°-3 | M44: PAREJA: comparten el énfasis y alternan por semana · Con: Quintero Ramírez María del Carmen (CSI) | N44: =C44&"|"&D44 | O44: =COUNTIF($N$2:N44,N44) | P44: =N44&"|"&O44 | Q44: =C44&"|"&D44&"|"&A44
A45: 41 | B45: Quintero Ramírez María del Carmen | C45: LUNES | D45: 2 | E45: 1 | F45: ENFASIS | H45: CSI | I45: 0703 | J45: PAREJA: comparten el énfasis y alternan por semana | K45: Casanova Quiñones Yoli del Carmen (ETR) | L45: ÉNFASIS 7°-3 | M45: PAREJA: comparten el énfasis y alternan por semana · Con: Casanova Quiñones Yoli del Carmen (ETR) | N45: =C45&"|"&D45 | O45: =COUNTIF($N$2:N45,N45) | P45: =N45&"|"&O45 | Q45: =C45&"|"&D45&"|"&A45
A46: 3 | B46: Arboleda Ortiz Luz América | C46: LUNES | D46: 2 | E46: 1 | F46: ENFASIS | H46: ART | I46: 1001 | J46: EQUIPO DE 4: cada docente atiende un grupo de estudiantes en su área | K46: Montaño Anchico Favio Héctor (CAS); Ramírez Guerra Jimmy Eduardo (ERD); Villota Rubio Héctor Hugo (CNA) | L46: ÉNFASIS 10°-1 | M46: EQUIPO DE 4: cada docente atiende un grupo de estudiantes en su área · Con: Montaño Anchico Favio Héctor (CAS); Ramírez Guerra Jimmy Eduardo (ERD); Villota Rubio Héctor Hugo (CNA) | N46: =C46&"|"&D46 | O46: =COUNTIF($N$2:N46,N46) | P46: =N46&"|"&O46 | Q46: =C46&"|"&D46&"|"&A46
A47: 30 | B47: Montaño Anchico Favio Héctor | C47: LUNES | D47: 2 | E47: 1 | F47: ENFASIS | H47: CAS | I47: 1001 | J47: EQUIPO DE 4: cada docente atiende un grupo de estudiantes en su área | K47: Arboleda Ortiz Luz América (ART); Ramírez Guerra Jimmy Eduardo (ERD); Villota Rubio Héctor Hugo (CNA) | L47: ÉNFASIS 10°-1 | M47: EQUIPO DE 4: cada docente atiende un grupo de estudiantes en su área · Con: Arboleda Ortiz Luz América (ART); Ramírez Guerra Jimmy Eduardo (ERD); Villota Rubio Héctor Hugo (CNA) | N47: =C47&"|"&D47 | O47: =COUNTIF($N$2:N47,N47) | P47: =N47&"|"&O47 | Q47: =C47&"|"&D47&"|"&A47
A48: 43 | B48: Ramírez Guerra Jimmy Eduardo | C48: LUNES | D48: 2 | E48: 1 | F48: ENFASIS | H48: ERD | I48: 1001 | J48: EQUIPO DE 4: cada docente atiende un grupo de estudiantes en su área | K48: Arboleda Ortiz Luz América (ART); Montaño Anchico Favio Héctor (CAS); Villota Rubio Héctor Hugo (CNA) | L48: ÉNFASIS 10°-1 | M48: EQUIPO DE 4: cada docente atiende un grupo de estudiantes en su área · Con: Arboleda Ortiz Luz América (ART); Montaño Anchico Favio Héctor (CAS); Villota Rubio Héctor Hugo (CNA) | N48: =C48&"|"&D48 | O48: =COUNTIF($N$2:N48,N48) | P48: =N48&"|"&O48 | Q48: =C48&"|"&D48&"|"&A48
A49: 53 | B49: Villota Rubio Héctor Hugo | C49: LUNES | D49: 2 | E49: 1 | F49: ENFASIS | H49: CNA | I49: 1001 | J49: EQUIPO DE 4: cada docente atiende un grupo de estudiantes en su área | K49: Arboleda Ortiz Luz América (ART); Montaño Anchico Favio Héctor (CAS); Ramírez Guerra Jimmy Eduardo (ERD) | L49: ÉNFASIS 10°-1 | M49: EQUIPO DE 4: cada docente atiende un grupo de estudiantes en su área · Con: Arboleda Ortiz Luz América (ART); Montaño Anchico Favio Héctor (CAS); Ramírez Guerra Jimmy Eduardo (ERD) | N49: =C49&"|"&D49 | O49: =COUNTIF($N$2:N49,N49) | P49: =N49&"|"&O49 | Q49: =C49&"|"&D49&"|"&A49
A50: 16 | B50: Cuero Rincón Hernando Jesús | C50: LUNES | D50: 3 | E50: 2 | F50: CLASE | G50: 0601 | H50: CAS | L50: 6°-1 | N50: =C50&"|"&D50 | O50: =COUNTIF($N$2:N50,N50) | P50: =N50&"|"&O50 | Q50: =C50&"|"&D50&"|"&A50
A51: 37 | B51: Prado Quiñones Genís Maribel | C51: LUNES | D51: 3 | E51: 2 | F51: CLASE | G51: 0602 | H51: ART | L51: 6°-2 | N51: =C51&"|"&D51 | O51: =COUNTIF($N$2:N51,N51) | P51: =N51&"|"&O51 | Q51: =C51&"|"&D51&"|"&A51
A52: 52 | B52: Vásquez Valencia Segundo Leoncio | C52: LUNES | D52: 3 | E52: 2 | F52: CLASE | G52: 0701 | H52: MAT | L52: 7°-1 | N52: =C52&"|"&D52 | O52: =COUNTIF($N$2:N52,N52) | P52: =N52&"|"&O52 | Q52: =C52&"|"&D52&"|"&A52
A53: 4 | B53: Arizala Castro Roberto Carlos | C53: LUNES | D53: 3 | E53: 2 | F53: CLASE | G53: 0702 | H53: ERD | L53: 7°-2 | N53: =C53&"|"&D53 | O53: =COUNTIF($N$2:N53,N53) | P53: =N53&"|"&O53 | Q53: =C53&"|"&D53&"|"&A53
A54: 34 | B54: Ordóñez Tenorio Jaime Marcial | C54: LUNES | D54: 3 | E54: 2 | F54: CLASE | G54: 0703 | H54: CNA | L54: 7°-3 | N54: =C54&"|"&D54 | O54: =COUNTIF($N$2:N54,N54) | P54: =N54&"|"&O54 | Q54: =C54&"|"&D54&"|"&A54
A55: 8 | B55: Casanova Quiñones Yoli del Carmen | C55: LUNES | D55: 3 | E55: 2 | F55: CLASE | G55: 0704 | H55: ETR | J55: Ética / Religión (alternan cada semana) | L55: 7°-4 | M55: Ética / Religión (alternan cada semana) | N55: =C55&"|"&D55 | O55: =COUNTIF($N$2:N55,N55) | P55: =N55&"|"&O55 | Q55: =C55&"|"&D55&"|"&A55
A56: 19 | B56: Fernández Vélez Alfredo Enrique | C56: LUNES | D56: 3 | E56: 2 | F56: CLASE | G56: 0801 | H56: TEI | L56: 8°-1 | N56: =C56&"|"&D56 | O56: =COUNTIF($N$2:N56,N56) | P56: =N56&"|"&O56 | Q56: =C56&"|"&D56&"|"&A56
A57: 51 | B57: Valverde Montaño María Teresa | C57: LUNES | D57: 3 | E57: 2 | F57: CLASE | G57: 0802 | H57: CAS | L57: 8°-2 | N57: =C57&"|"&D57 | O57: =COUNTIF($N$2:N57,N57) | P57: =N57&"|"&O57 | Q57: =C57&"|"&D57&"|"&A57
A58: 29 | B58: Mindineros Satizábal John Jáver | C58: LUNES | D58: 3 | E58: 2 | F58: CLASE | G58: 0902 | H58: TEI | L58: 9°-2 | N58: =C58&"|"&D58 | O58: =COUNTIF($N$2:N58,N58) | P58: =N58&"|"&O58 | Q58: =C58&"|"&D58&"|"&A58
A59: 6 | B59: Betancourth Ocampo Yohana Patricia | C59: LUNES | D59: 3 | E59: 2 | F59: CLASE | G59: 1001 | H59: CSI | J59: Sociales / Inglés (alternan cada semana) | L59: 10°-1 | M59: Sociales / Inglés (alternan cada semana) | N59: =C59&"|"&D59 | O59: =COUNTIF($N$2:N59,N59) | P59: =N59&"|"&O59 | Q59: =C59&"|"&D59&"|"&A59
A60: 3 | B60: Arboleda Ortiz Luz América | C60: LUNES | D60: 3 | E60: 2 | F60: CLASE | G60: 1002 | H60: ART | L60: 10°-2 | N60: =C60&"|"&D60 | O60: =COUNTIF($N$2:N60,N60) | P60: =N60&"|"&O60 | Q60: =C60&"|"&D60&"|"&A60
A61: 53 | B61: Villota Rubio Héctor Hugo | C61: LUNES | D61: 3 | E61: 2 | F61: CLASE | G61: 1101 | H61: CNA | L61: 11°-1 | N61: =C61&"|"&D61 | O61: =COUNTIF($N$2:N61,N61) | P61: =N61&"|"&O61 | Q61: =C61&"|"&D61&"|"&A61
A62: 26 | B62: Lozano Torres Amanda Inés | C62: LUNES | D62: 3 | E62: 2 | F62: CLASE | G62: CS101 | H62: ETR | J62: Ética / Religión (alternan cada semana) | L62: CS 1-1 | M62: Ética / Religión (alternan cada semana) | N62: =C62&"|"&D62 | O62: =COUNTIF($N$2:N62,N62) | P62: =N62&"|"&O62 | Q62: =C62&"|"&D62&"|"&A62
A63: 57 | B63: Armero Dájome Jesús | C63: LUNES | D63: 3 | E63: 2 | F63: CLASE | G63: CS102 | H63: ERD | L63: CS 1-2 | N63: =C63&"|"&D63 | O63: =COUNTIF($N$2:N63,N63) | P63: =N63&"|"&O63 | Q63: =C63&"|"&D63&"|"&A63
A64: 44 | B64: Samaniego Angulo Flor Mireya | C64: LUNES | D64: 3 | E64: 2 | F64: CLASE | G64: CS201 | H64: ART | L64: CS 2-1 | N64: =C64&"|"&D64 | O64: =COUNTIF($N$2:N64,N64) | P64: =N64&"|"&O64 | Q64: =C64&"|"&D64&"|"&A64
A65: 38 | B65: Preciado Torres Oleisa | C65: LUNES | D65: 3 | E65: 2 | F65: CLASE | G65: CS202 | H65: MAT | L65: CS 2-2 | N65: =C65&"|"&D65 | O65: =COUNTIF($N$2:N65,N65) | P65: =N65&"|"&O65 | Q65: =C65&"|"&D65&"|"&A65
A66: 22 | B66: González Castillo Jólmer Jimy | C66: LUNES | D66: 3 | E66: 2 | F66: ENFASIS | H66: ERD | I66: 0901 | J66: EQUIPO DE 4: cada docente atiende un grupo de estudiantes en su área | K66: Valencia Marínez Saidy Eufemia (ART); Meza Banguera Gladys Alicia (CAS); Lemos Guancha Miriam (CNA) | L66: ÉNFASIS 9°-1 | M66: EQUIPO DE 4: cada docente atiende un grupo de estudiantes en su área · Con: Valencia Marínez Saidy Eufemia (ART); Meza Banguera Gladys Alicia (CAS); Lemos Guancha Miriam (CNA) | N66: =C66&"|"&D66 | O66: =COUNTIF($N$2:N66,N66) | P66: =N66&"|"&O66 | Q66: =C66&"|"&D66&"|"&A66
A67: 25 | B67: Lemos Guancha Miriam | C67: LUNES | D67: 3 | E67: 2 | F67: ENFASIS | H67: CNA | I67: 0901 | J67: EQUIPO DE 4: cada docente atiende un grupo de estudiantes en su área | K67: Valencia Marínez Saidy Eufemia (ART); Meza Banguera Gladys Alicia (CAS); González Castillo Jólmer Jimy (ERD) | L67: ÉNFASIS 9°-1 | M67: EQUIPO DE 4: cada docente atiende un grupo de estudiantes en su área · Con: Valencia Marínez Saidy Eufemia (ART); Meza Banguera Gladys Alicia (CAS); González Castillo Jólmer Jimy (ERD) | N67: =C67&"|"&D67 | O67: =COUNTIF($N$2:N67,N67) | P67: =N67&"|"&O67 | Q67: =C67&"|"&D67&"|"&A67
A68: 28 | B68: Meza Banguera Gladys Alicia | C68: LUNES | D68: 3 | E68: 2 | F68: ENFASIS | H68: CAS | I68: 0901 | J68: EQUIPO DE 4: cada docente atiende un grupo de estudiantes en su área | K68: Valencia Marínez Saidy Eufemia (ART); González Castillo Jólmer Jimy (ERD); Lemos Guancha Miriam (CNA) | L68: ÉNFASIS 9°-1 | M68: EQUIPO DE 4: cada docente atiende un grupo de estudiantes en su área · Con: Valencia Marínez Saidy Eufemia (ART); González Castillo Jólmer Jimy (ERD); Lemos Guancha Miriam (CNA) | N68: =C68&"|"&D68 | O68: =COUNTIF($N$2:N68,N68) | P68: =N68&"|"&O68 | Q68: =C68&"|"&D68&"|"&A68
A69: 49 | B69: Valencia Marínez Saidy Eufemia | C69: LUNES | D69: 3 | E69: 2 | F69: ENFASIS | H69: ART | I69: 0901 | J69: EQUIPO DE 4: cada docente atiende un grupo de estudiantes en su área | K69: Meza Banguera Gladys Alicia (CAS); González Castillo Jólmer Jimy (ERD); Lemos Guancha Miriam (CNA) | L69: ÉNFASIS 9°-1 | M69: EQUIPO DE 4: cada docente atiende un grupo de estudiantes en su área · Con: Meza Banguera Gladys Alicia (CAS); González Castillo Jólmer Jimy (ERD); Lemos Guancha Miriam (CNA) | N69: =C69&"|"&D69 | O69: =COUNTIF($N$2:N69,N69) | P69: =N69&"|"&O69 | Q69: =C69&"|"&D69&"|"&A69
A70: 2 | B70: Angulo Lucero Andrés Mauricio | C70: LUNES | D70: 3 | E70: 2 | F70: ENFASIS | H70: TEI | I70: 1102 | J70: EQUIPO DE 4: cada docente atiende un grupo de estudiantes en su área | K70: Pulgarín Ortiz César Marino (CSI); Montaño Arizala Leidis Claudina (ETR); Villota Rubio Janeth del Carmen (MAT) | L70: ÉNFASIS 11°-2 | M70: EQUIPO DE 4: cada docente atiende un grupo de estudiantes en su área · Con: Pulgarín Ortiz César Marino (CSI); Montaño Arizala Leidis Claudina (ETR); Villota Rubio Janeth del Carmen (MAT) | N70: =C70&"|"&D70 | O70: =COUNTIF($N$2:N70,N70) | P70: =N70&"|"&O70 | Q70: =C70&"|"&D70&"|"&A70
A71: 31 | B71: Montaño Arizala Leidis Claudina | C71: LUNES | D71: 3 | E71: 2 | F71: ENFASIS | H71: ETR | I71: 1102 | J71: EQUIPO DE 4: cada docente atiende un grupo de estudiantes en su área | K71: Pulgarín Ortiz César Marino (CSI); Villota Rubio Janeth del Carmen (MAT); Angulo Lucero Andrés Mauricio (TEI) | L71: ÉNFASIS 11°-2 | M71: EQUIPO DE 4: cada docente atiende un grupo de estudiantes en su área · Con: Pulgarín Ortiz César Marino (CSI); Villota Rubio Janeth del Carmen (MAT); Angulo Lucero Andrés Mauricio (TEI) | N71: =C71&"|"&D71 | O71: =COUNTIF($N$2:N71,N71) | P71: =N71&"|"&O71 | Q71: =C71&"|"&D71&"|"&A71
A72: 40 | B72: Pulgarín Ortiz César Marino | C72: LUNES | D72: 3 | E72: 2 | F72: ENFASIS | H72: CSI | I72: 1102 | J72: EQUIPO DE 4: cada docente atiende un grupo de estudiantes en su área | K72: Montaño Arizala Leidis Claudina (ETR); Villota Rubio Janeth del Carmen (MAT); Angulo Lucero Andrés Mauricio (TEI) | L72: ÉNFASIS 11°-2 | M72: EQUIPO DE 4: cada docente atiende un grupo de estudiantes en su área · Con: Montaño Arizala Leidis Claudina (ETR); Villota Rubio Janeth del Carmen (MAT); Angulo Lucero Andrés Mauricio (TEI) | N72: =C72&"|"&D72 | O72: =COUNTIF($N$2:N72,N72) | P72: =N72&"|"&O72 | Q72: =C72&"|"&D72&"|"&A72
A73: 54 | B73: Villota Rubio Janeth del Carmen | C73: LUNES | D73: 3 | E73: 2 | F73: ENFASIS | H73: MAT | I73: 1102 | J73: EQUIPO DE 4: cada docente atiende un grupo de estudiantes en su área | K73: Pulgarín Ortiz César Marino (CSI); Montaño Arizala Leidis Claudina (ETR); Angulo Lucero Andrés Mauricio (TEI) | L73: ÉNFASIS 11°-2 | M73: EQUIPO DE 4: cada docente atiende un grupo de estudiantes en su área · Con: Pulgarín Ortiz César Marino (CSI); Montaño Arizala Leidis Claudina (ETR); Angulo Lucero Andrés Mauricio (TEI) | N73: =C73&"|"&D73 | O73: =COUNTIF($N$2:N73,N73) | P73: =N73&"|"&O73 | Q73: =C73&"|"&D73&"|"&A73
A74: 16 | B74: Cuero Rincón Hernando Jesús | C74: LUNES | D74: 4 | E74: 2 | F74: CLASE | G74: 0601 | H74: CAS | L74: 6°-1 | N74: =C74&"|"&D74 | O74: =COUNTIF($N$2:N74,N74) | P74: =N74&"|"&O74 | Q74: =C74&"|"&D74&"|"&A74
A75: 37 | B75: Prado Quiñones Genís Maribel | C75: LUNES | D75: 4 | E75: 2 | F75: CLASE | G75: 0602 | H75: ART | L75: 6°-2 | N75: =C75&"|"&D75 | O75: =COUNTIF($N$2:N75,N75) | P75: =N75&"|"&O75 | Q75: =C75&"|"&D75&"|"&A75
A76: 52 | B76: Vásquez Valencia Segundo Leoncio | C76: LUNES | D76: 4 | E76: 2 | F76: CLASE | G76: 0701 | H76: MAT | L76: 7°-1 | N76: =C76&"|"&D76 | O76: =COUNTIF($N$2:N76,N76) | P76: =N76&"|"&O76 | Q76: =C76&"|"&D76&"|"&A76
A77: 4 | B77: Arizala Castro Roberto Carlos | C77: LUNES | D77: 4 | E77: 2 | F77: CLASE | G77: 0702 | H77: ERD | L77: 7°-2 | N77: =C77&"|"&D77 | O77: =COUNTIF($N$2:N77,N77) | P77: =N77&"|"&O77 | Q77: =C77&"|"&D77&"|"&A77
A78: 34 | B78: Ordóñez Tenorio Jaime Marcial | C78: LUNES | D78: 4 | E78: 2 | F78: CLASE | G78: 0703 | H78: CNA | L78: 7°-3 | N78: =C78&"|"&D78 | O78: =COUNTIF($N$2:N78,N78) | P78: =N78&"|"&O78 | Q78: =C78&"|"&D78&"|"&A78
A79: 8 | B79: Casanova Quiñones Yoli del Carmen | C79: LUNES | D79: 4 | E79: 2 | F79: CLASE | G79: 0704 | H79: ETR | J79: Ética / Religión (alternan cada semana) | L79: 7°-4 | M79: Ética / Religión (alternan cada semana) | N79: =C79&"|"&D79 | O79: =COUNTIF($N$2:N79,N79) | P79: =N79&"|"&O79 | Q79: =C79&"|"&D79&"|"&A79
A80: 19 | B80: Fernández Vélez Alfredo Enrique | C80: LUNES | D80: 4 | E80: 2 | F80: CLASE | G80: 0801 | H80: TEI | L80: 8°-1 | N80: =C80&"|"&D80 | O80: =COUNTIF($N$2:N80,N80) | P80: =N80&"|"&O80 | Q80: =C80&"|"&D80&"|"&A80
A81: 51 | B81: Valverde Montaño María Teresa | C81: LUNES | D81: 4 | E81: 2 | F81: CLASE | G81: 0802 | H81: CAS | L81: 8°-2 | N81: =C81&"|"&D81 | O81: =COUNTIF($N$2:N81,N81) | P81: =N81&"|"&O81 | Q81: =C81&"|"&D81&"|"&A81
A82: 29 | B82: Mindineros Satizábal John Jáver | C82: LUNES | D82: 4 | E82: 2 | F82: CLASE | G82: 0902 | H82: TEI | L82: 9°-2 | N82: =C82&"|"&D82 | O82: =COUNTIF($N$2:N82,N82) | P82: =N82&"|"&O82 | Q82: =C82&"|"&D82&"|"&A82
A83: 6 | B83: Betancourth Ocampo Yohana Patricia | C83: LUNES | D83: 4 | E83: 2 | F83: CLASE | G83: 1001 | H83: CSI | J83: Sociales / Inglés (alternan cada semana) | L83: 10°-1 | M83: Sociales / Inglés (alternan cada semana) | N83: =C83&"|"&D83 | O83: =COUNTIF($N$2:N83,N83) | P83: =N83&"|"&O83 | Q83: =C83&"|"&D83&"|"&A83
A84: 3 | B84: Arboleda Ortiz Luz América | C84: LUNES | D84: 4 | E84: 2 | F84: CLASE | G84: 1002 | H84: ART | L84: 10°-2 | N84: =C84&"|"&D84 | O84: =COUNTIF($N$2:N84,N84) | P84: =N84&"|"&O84 | Q84: =C84&"|"&D84&"|"&A84
A85: 53 | B85: Villota Rubio Héctor Hugo | C85: LUNES | D85: 4 | E85: 2 | F85: CLASE | G85: 1101 | H85: CNA | L85: 11°-1 | N85: =C85&"|"&D85 | O85: =COUNTIF($N$2:N85,N85) | P85: =N85&"|"&O85 | Q85: =C85&"|"&D85&"|"&A85
A86: 26 | B86: Lozano Torres Amanda Inés | C86: LUNES | D86: 4 | E86: 2 | F86: CLASE | G86: CS101 | H86: ETR | J86: Ética / Religión (alternan cada semana) | L86: CS 1-1 | M86: Ética / Religión (alternan cada semana) | N86: =C86&"|"&D86 | O86: =COUNTIF($N$2:N86,N86) | P86: =N86&"|"&O86 | Q86: =C86&"|"&D86&"|"&A86
A87: 57 | B87: Armero Dájome Jesús | C87: LUNES | D87: 4 | E87: 2 | F87: CLASE | G87: CS102 | H87: ERD | L87: CS 1-2 | N87: =C87&"|"&D87 | O87: =COUNTIF($N$2:N87,N87) | P87: =N87&"|"&O87 | Q87: =C87&"|"&D87&"|"&A87
A88: 44 | B88: Samaniego Angulo Flor Mireya | C88: LUNES | D88: 4 | E88: 2 | F88: CLASE | G88: CS201 | H88: ART | L88: CS 2-1 | N88: =C88&"|"&D88 | O88: =COUNTIF($N$2:N88,N88) | P88: =N88&"|"&O88 | Q88: =C88&"|"&D88&"|"&A88
A89: 38 | B89: Preciado Torres Oleisa | C89: LUNES | D89: 4 | E89: 2 | F89: CLASE | G89: CS202 | H89: MAT | L89: CS 2-2 | N89: =C89&"|"&D89 | O89: =COUNTIF($N$2:N89,N89) | P89: =N89&"|"&O89 | Q89: =C89&"|"&D89&"|"&A89
A90: 22 | B90: González Castillo Jólmer Jimy | C90: LUNES | D90: 4 | E90: 2 | F90: ENFASIS | H90: ERD | I90: 0901 | J90: EQUIPO DE 4: cada docente atiende un grupo de estudiantes en su área | K90: Valencia Marínez Saidy Eufemia (ART); Meza Banguera Gladys Alicia (CAS); Lemos Guancha Miriam (CNA) | L90: ÉNFASIS 9°-1 | M90: EQUIPO DE 4: cada docente atiende un grupo de estudiantes en su área · Con: Valencia Marínez Saidy Eufemia (ART); Meza Banguera Gladys Alicia (CAS); Lemos Guancha Miriam (CNA) | N90: =C90&"|"&D90 | O90: =COUNTIF($N$2:N90,N90) | P90: =N90&"|"&O90 | Q90: =C90&"|"&D90&"|"&A90
A91: 25 | B91: Lemos Guancha Miriam | C91: LUNES | D91: 4 | E91: 2 | F91: ENFASIS | H91: CNA | I91: 0901 | J91: EQUIPO DE 4: cada docente atiende un grupo de estudiantes en su área | K91: Valencia Marínez Saidy Eufemia (ART); Meza Banguera Gladys Alicia (CAS); González Castillo Jólmer Jimy (ERD) | L91: ÉNFASIS 9°-1 | M91: EQUIPO DE 4: cada docente atiende un grupo de estudiantes en su área · Con: Valencia Marínez Saidy Eufemia (ART); Meza Banguera Gladys Alicia (CAS); González Castillo Jólmer Jimy (ERD) | N91: =C91&"|"&D91 | O91: =COUNTIF($N$2:N91,N91) | P91: =N91&"|"&O91 | Q91: =C91&"|"&D91&"|"&A91
A92: 28 | B92: Meza Banguera Gladys Alicia | C92: LUNES | D92: 4 | E92: 2 | F92: ENFASIS | H92: CAS | I92: 0901 | J92: EQUIPO DE 4: cada docente atiende un grupo de estudiantes en su área | K92: Valencia Marínez Saidy Eufemia (ART); González Castillo Jólmer Jimy (ERD); Lemos Guancha Miriam (CNA) | L92: ÉNFASIS 9°-1 | M92: EQUIPO DE 4: cada docente atiende un grupo de estudiantes en su área · Con: Valencia Marínez Saidy Eufemia (ART); González Castillo Jólmer Jimy (ERD); Lemos Guancha Miriam (CNA) | N92: =C92&"|"&D92 | O92: =COUNTIF($N$2:N92,N92) | P92: =N92&"|"&O92 | Q92: =C92&"|"&D92&"|"&A92
A93: 49 | B93: Valencia Marínez Saidy Eufemia | C93: LUNES | D93: 4 | E93: 2 | F93: ENFASIS | H93: ART | I93: 0901 | J93: EQUIPO DE 4: cada docente atiende un grupo de estudiantes en su área | K93: Meza Banguera Gladys Alicia (CAS); González Castillo Jólmer Jimy (ERD); Lemos Guancha Miriam (CNA) | L93: ÉNFASIS 9°-1 | M93: EQUIPO DE 4: cada docente atiende un grupo de estudiantes en su área · Con: Meza Banguera Gladys Alicia (CAS); González Castillo Jólmer Jimy (ERD); Lemos Guancha Miriam (CNA) | N93: =C93&"|"&D93 | O93: =COUNTIF($N$2:N93,N93) | P93: =N93&"|"&O93 | Q93: =C93&"|"&D93&"|"&A93
A94: 2 | B94: Angulo Lucero Andrés Mauricio | C94: LUNES | D94: 4 | E94: 2 | F94: ENFASIS | H94: TEI | I94: 1102 | J94: EQUIPO DE 4: cada docente atiende un grupo de estudiantes en su área | K94: Pulgarín Ortiz César Marino (CSI); Montaño Arizala Leidis Claudina (ETR); Villota Rubio Janeth del Carmen (MAT) | L94: ÉNFASIS 11°-2 | M94: EQUIPO DE 4: cada docente atiende un grupo de estudiantes en su área · Con: Pulgarín Ortiz César Marino (CSI); Montaño Arizala Leidis Claudina (ETR); Villota Rubio Janeth del Carmen (MAT) | N94: =C94&"|"&D94 | O94: =COUNTIF($N$2:N94,N94) | P94: =N94&"|"&O94 | Q94: =C94&"|"&D94&"|"&A94
A95: 31 | B95: Montaño Arizala Leidis Claudina | C95: LUNES | D95: 4 | E95: 2 | F95: ENFASIS | H95: ETR | I95: 1102 | J95: EQUIPO DE 4: cada docente atiende un grupo de estudiantes en su área | K95: Pulgarín Ortiz César Marino (CSI); Villota Rubio Janeth del Carmen (MAT); Angulo Lucero Andrés Mauricio (TEI) | L95: ÉNFASIS 11°-2 | M95: EQUIPO DE 4: cada docente atiende un grupo de estudiantes en su área · Con: Pulgarín Ortiz César Marino (CSI); Villota Rubio Janeth del Carmen (MAT); Angulo Lucero Andrés Mauricio (TEI) | N95: =C95&"|"&D95 | O95: =COUNTIF($N$2:N95,N95) | P95: =N95&"|"&O95 | Q95: =C95&"|"&D95&"|"&A95
A96: 40 | B96: Pulgarín Ortiz César Marino | C96: LUNES | D96: 4 | E96: 2 | F96: ENFASIS | H96: CSI | I96: 1102 | J96: EQUIPO DE 4: cada docente atiende un grupo de estudiantes en su área | K96: Montaño Arizala Leidis Claudina (ETR); Villota Rubio Janeth del Carmen (MAT); Angulo Lucero Andrés Mauricio (TEI) | L96: ÉNFASIS 11°-2 | M96: EQUIPO DE 4: cada docente atiende un grupo de estudiantes en su área · Con: Montaño Arizala Leidis Claudina (ETR); Villota Rubio Janeth del Carmen (MAT); Angulo Lucero Andrés Mauricio (TEI) | N96: =C96&"|"&D96 | O96: =COUNTIF($N$2:N96,N96) | P96: =N96&"|"&O96 | Q96: =C96&"|"&D96&"|"&A96
A97: 54 | B97: Villota Rubio Janeth del Carmen | C97: LUNES | D97: 4 | E97: 2 | F97: ENFASIS | H97: MAT | I97: 1102 | J97: EQUIPO DE 4: cada docente atiende un grupo de estudiantes en su área | K97: Pulgarín Ortiz César Marino (CSI); Montaño Arizala Leidis Claudina (ETR); Angulo Lucero Andrés Mauricio (TEI) | L97: ÉNFASIS 11°-2 | M97: EQUIPO DE 4: cada docente atiende un grupo de estudiantes en su área · Con: Pulgarín Ortiz César Marino (CSI); Montaño Arizala Leidis Claudina (ETR); Angulo Lucero Andrés Mauricio (TEI) | N97: =C97&"|"&D97 | O97: =COUNTIF($N$2:N97,N97) | P97: =N97&"|"&O97 | Q97: =C97&"|"&D97&"|"&A97
A98: 57 | B98: Armero Dájome Jesús | C98: LUNES | D98: 5 | E98: 3 | F98: CLASE | G98: 0601 | H98: ERD | L98: 6°-1 | N98: =C98&"|"&D98 | O98: =COUNTIF($N$2:N98,N98) | P98: =N98&"|"&O98 | Q98: =C98&"|"&D98&"|"&A98
A99: 20 | B99: García Gobea Saydi Magali | C99: LUNES | D99: 5 | E99: 3 | F99: CLASE | G99: 0602 | H99: CSI | J99: Sociales / Inglés (alternan cada semana) | L99: 6°-2 | M99: Sociales / Inglés (alternan cada semana) | N99: =C99&"|"&D99 | O99: =COUNTIF($N$2:N99,N99) | P99: =N99&"|"&O99 | Q99: =C99&"|"&D99&"|"&A99
A100: 39 | B100: Puches Ana Milena | C100: LUNES | D100: 5 | E100: 3 | F100: CLASE | G100: 0701 | H100: ART | L100: 7°-1 | N100: =C100&"|"&D100 | O100: =COUNTIF($N$2:N100,N100) | P100: =N100&"|"&O100 | Q100: =C100&"|"&D100&"|"&A100
...

Sheet Franjas
A1: sesion | B1: bloque | C1: inicio | D1: fin | E1: inicio_min | F1: fin_min
A2: 1 | B2: 1 | C2: 06:30 | D2: 07:15 | E2: 390 | F2: 435
A3: 2 | B3: 1 | C3: 07:15 | D3: 08:00 | E3: 435 | F3: 480
A4: 3 | B4: 2 | C4: 08:20 | D4: 09:05 | E4: 500 | F4: 545
A5: 4 | B5: 2 | C5: 09:05 | D5: 09:50 | E5: 545 | F5: 590
A6: 5 | B6: 3 | C6: 10:10 | D6: 10:55 | E6: 610 | F6: 655
A7: 6 | B7: 3 | C7: 10:55 | D7: 11:40 | E7: 655 | F7: 700
A8: 7 | B8: 4 | C8: 12:00 | D8: 12:45 | E8: 720 | F8: 765
A9: 8 | B9: 4 | C9: 12:45 | D9: 13:30 | E9: 765 | F9: 810

Sheet Grupos
A1: grupo | B1: nombre | C1: modalidad
A2: 0601 | B2: 6°-1
A3: 0602 | B3: 6°-2
A4: CS101 | B4: CS 1-1
A5: CS102 | B5: CS 1-2
A6: 0701 | B6: 7°-1
A7: 0702 | B7: 7°-2
A8: 0703 | B8: 7°-3
A9: 0704 | B9: 7°-4
A10: 0801 | B10: 8°-1
A11: 0802 | B11: 8°-2
A12: 0901 | B12: 9°-1
A13: 0902 | B13: 9°-2
... A19: 1102 | B19: 11°-2

Sheet LEEME
A1: ICET 2026 - Ubicación de docentes de bachillerato
A3: 1) Abra la hoja 'Ubicacion': muestra sola quién está en cada grupo en este momento (según la fecha y la hora del dispositivo).
A4: 2) Para otro momento escriba la fecha y elija un bloque (1 a 4) o una sesión (1 a 8) en las celdas amarillas. Vacías = ahora.
A5: 3) 'Por_Docente' lista a los docentes de A a Z y dónde está cada uno (o 'Libre') en el mismo momento.
A6: 4) Se muestran solo clases y énfasis de bachillerato (6° a 11° y Caminar en Secundaria). No incluye preescolar ni primaria.
A7: 5) Énfasis (fila amarilla): estudiantes del curso repartidos entre un equipo de docentes; cada uno atiende su área.
A9: Zona horaria: en Google Sheets use Archivo > Configuración > GMT-05:00 Bogotá. Excel usa la hora del dispositivo.
A10: Horario según el PDF de asignación del 02-02-2026 con los cambios del coordinador: Armero reemplaza a Terán; Prado y Puches intercambiaron Arte.
A11: Si cambia el horario, regenere con: python3 scripts/generar_ubicacion.py
