Workbook

Sheet LEEME
A1: ICET 2026 - Control de asistencia docente
A2: Autor: Francisco Javier Cortés Cabezas · Coordinador académico · Especialista en Informática y Telemática · Magíster en Educación · Doctorando en Desarrollo de la Educación · I.E. ICET, San Andrés de Tumaco (Nariño, Colombia) · © 2026
A4: RONDA (hoja principal): al abrirla muestra, sin filtros, quién debe estar en cada grupo en la sesión actual.
A5: - Día y sesión se calculan con la hora del dispositivo. En Google Sheets: Archivo > Configuración > zona horaria (GMT-05:00 Bogotá).
A6: - Para consultar otro momento escriba el día y/o la sesión en las celdas amarillas; bórrelas para volver a 'ahora'.
A7: - Marque Estado y Motivo con las listas desplegables. En Excel NO se guardan los registros: para guardar use la aplicación web (Apps Script).
A9: Hojas:
A10: Docentes Lista oficial (57). Preescolar y primaria con su grupo (PDF Dirección de Grupo).
A11: Horario Una fila por docente / día / sesión de 45 min (secundaria: PDF 02-02-2026; primaria: áreas múltiples).
A12: Direccion_Grupo Dinamizadores de cada grupo (PDF Dirección de Grupo 2026). En bachillerato la dirección es dual: ambos responsables.
A13: Matriz_Grupos Para cada día y sesión, quién atiende a cada grupo (consulta rápida o para imprimir).
A14: Motivos Catálogo de justificaciones por categoría (salud, permiso, evento externo, calamidad doméstica, etc.).
... A29: Datos personales de docentes: acceso solo para directivos (Ley 1581 de 2012).

Sheet Ronda
A1: RONDA DE ASISTENCIA DOCENTE - ICET 2026 | K1: minuto | L1: =HOUR(NOW())*60+MINUTE(NOW())
K2: sesión auto | L2: =IF(L1>=MAX(Franjas!$G$2:$G$9),"FUERA DE JORNADA",IFERROR(IF(L1<INDEX(Franjas!$G$2:$G$9,MATCH(L1,Franjas!$F$2:$F$9,1)),MATCH(L1,Franjas!$F$2:$F$9,1),"DESCANSO"),"FUERA DE JORNADA"))
A3: Día | B3: =IF(D3<>"",D3,L3) | E3: ← Día manual (opcional) | K3: día auto | L3: =IFERROR(CHOOSE(WEEKDAY(NOW(),2),"LUNES","MARTES","MIERCOLES","JUEVES","VIERNES"),"FIN DE SEMANA")
A4: Sesión | B4: =IF(D4<>"",D4,L2) | E4: ← Sesión manual 1-8 (opcional) | K4: clave | L4: =B3&"|"&B4
A5: Franja | B5: =IFERROR(INDEX(Franjas!$D$2:$D$9,B4)&" - "&INDEX(Franjas!$E$2:$E$9,B4),"Sin clase en este momento")
A6: Docentes esperados | B6: =COUNTIF(Horario!$S$2:$S$1500,L4)
A7: Hora del dispositivo | B7: =TEXT(NOW(),"HH:mm")
A9: # | B9: Grupo | C9: Dirección de grupo | D9: Docente | E9: Área | F9: Nota (alternancia / equipo) | G9: Estado | H9: Motivo | I9: Observaciones
A10: 1 | B10: =IF($K10="","",INDEX(Horario!$Q$2:$Q$1500,$K10)) | C10: =IF($K10="","",INDEX(Horario!$V$2:$V$1500,$K10)) | D10: =IF($K10="","",INDEX(Horario!$B$2:$B$1500,$K10)) | E10: =IF($K10="","",IF(INDEX(Horario!$K$2:$K$1500,$K10)="","(énfasis)",INDEX(Horario!$K$2:$K$1500,$K10))) | F10: =IF($K10="","",INDEX(Horario!$R$2:$R$1500,$K10)) | K10: =IFERROR(MATCH($L$4&"|"&A10,Horario!$U$2:$U$1500,0),"")
A11: 2 | B11: =IF($K11="","",INDEX(Horario!$Q$2:$Q$1500,$K11)) | C11: =IF($K11="","",INDEX(Horario!$V$2:$V$1500,$K11)) | D11: =IF($K11="","",INDEX(Horario!$B$2:$B$1500,$K11)) | E11: =IF($K11="","",IF(INDEX(Horario!$K$2:$K$1500,$K11)="","(énfasis)",INDEX(Horario!$K$2:$K$1500,$K11))) | F11: =IF($K11="","",INDEX(Horario!$R$2:$R$1500,$K11)) | K11: =IFERROR(MATCH($L$4&"|"&A11,Horario!$U$2:$U$1500,0),"")
A12: 3 | B12: =IF($K12="","",INDEX(Horario!$Q$2:$Q$1500,$K12)) | C12: =IF($K12="","",INDEX(Horario!$V$2:$V$1500,$K12)) | D12: =IF($K12="","",INDEX(Horario!$B$2:$B$1500,$K12)) | E12: =IF($K12="","",IF(INDEX(Horario!$K$2:$K$1500,$K12)="","(énfasis)",INDEX(Horario!$K$2:$K$1500,$K12))) | F12: =IF($K12="","",INDEX(Horario!$R$2:$R$1500,$K12)) | K12: =IFERROR(MATCH($L$4&"|"&A12,Horario!$U$2:$U$1500,0),"")
A13: 4 | B13: =IF($K13="","",INDEX(Horario!$Q$2:$Q$1500,$K13)) | C13: =IF($K13="","",INDEX(Horario!$V$2:$V$1500,$K13)) | D13: =IF($K13="","",INDEX(Horario!$B$2:$B$1500,$K13)) | E13: =IF($K13="","",IF(INDEX(Horario!$K$2:$K$1500,$K13)="","(énfasis)",INDEX(Horario!$K$2:$K$1500,$K13))) | F13: =IF($K13="","",INDEX(Horario!$R$2:$R$1500,$K13)) | K13: =IFERROR(MATCH($L$4&"|"&A13,Horario!$U$2:$U$1500,0),"")
A14: 5 | B14: =IF($K14="","",INDEX(Horario!$Q$2:$Q$1500,$K14)) | C14: =IF($K14="","",INDEX(Horario!$V$2:$V$1500,$K14)) | D14: =IF($K14="","",INDEX(Horario!$B$2:$B$1500,$K14)) | E14: =IF($K14="","",IF(INDEX(Horario!$K$2:$K$1500,$K14)="","(énfasis)",INDEX(Horario!$K$2:$K$1500,$K14))) | F14: =IF($K14="","",INDEX(Horario!$R$2:$R$1500,$K14)) | K14: =IFERROR(MATCH($L$4&"|"&A14,Horario!$U$2:$U$1500,0),"")
A15: 6 | B15: =IF($K15="","",INDEX(Horario!$Q$2:$Q$1500,$K15)) | C15: =IF($K15="","",INDEX(Horario!$V$2:$V$1500,$K15)) | D15: =IF($K15="","",INDEX(Horario!$B$2:$B$1500,$K15)) | E15: =IF($K15="","",IF(INDEX(Horario!$K$2:$K$1500,$K15)="","(énfasis)",INDEX(Horario!$K$2:$K$1500,$K15))) | F15: =IF($K15="","",INDEX(Horario!$R$2:$R$1500,$K15)) | K15: =IFERROR(MATCH($L$4&"|"&A15,Horario!$U$2:$U$1500,0),"")
A16: 7 | B16: =IF($K16="","",INDEX(Horario!$Q$2:$Q$1500,$K16)) | C16: =IF($K16="","",INDEX(Horario!$V$2:$V$1500,$K16)) | D16: =IF($K16="","",INDEX(Horario!$B$2:$B$1500,$K16)) | E16: =IF($K16="","",IF(INDEX(Horario!$K$2:$K$1500,$K16)="","(énfasis)",INDEX(Horario!$K$2:$K$1500,$K16))) | F16: =IF($K16="","",INDEX(Horario!$R$2:$R$1500,$K16)) | K16: =IFERROR(MATCH($L$4&"|"&A16,Horario!$U$2:$U$1500,0),"")
A17: 8 | B17: =IF($K17="","",INDEX(Horario!$Q$2:$Q$1500,$K17)) | C17: =IF($K17="","",INDEX(Horario!$V$2:$V$1500,$K17)) | D17: =IF($K17="","",INDEX(Horario!$B$2:$B$1500,$K17)) | E17: =IF($K17="","",IF(INDEX(Horario!$K$2:$K$1500,$K17)="","(énfasis)",INDEX(Horario!$K$2:$K$1500,$K17))) | F17: =IF($K17="","",INDEX(Horario!$R$2:$R$1500,$K17)) | K17: =IFERROR(MATCH($L$4&"|"&A17,Horario!$U$2:$U$1500,0),"")
A18: 9 | B18: =IF($K18="","",INDEX(Horario!$Q$2:$Q$1500,$K18)) | C18: =IF($K18="","",INDEX(Horario!$V$2:$V$1500,$K18)) | D18: =IF($K18="","",INDEX(Horario!$B$2:$B$1500,$K18)) | E18: =IF($K18="","",IF(INDEX(Horario!$K$2:$K$1500,$K18)="","(énfasis)",INDEX(Horario!$K$2:$K$1500,$K18))) | F18: =IF($K18="","",INDEX(Horario!$R$2:$R$1500,$K18)) | K18: =IFERROR(MATCH($L$4&"|"&A18,Horario!$U$2:$U$1500,0),"")
A19: 10 | B19: =IF($K19="","",INDEX(Horario!$Q$2:$Q$1500,$K19)) | C19: =IF($K19="","",INDEX(Horario!$V$2:$V$1500,$K19)) | D19: =IF($K19="","",INDEX(Horario!$B$2:$B$1500,$K19)) | E19: =IF($K19="","",IF(INDEX(Horario!$K$2:$K$1500,$K19)="","(énfasis)",INDEX(Horario!$K$2:$K$1500,$K19))) | F19: =IF($K19="","",INDEX(Horario!$R$2:$R$1500,$K19)) | K19: =IFERROR(MATCH($L$4&"|"&A19,Horario!$U$2:$U$1500,0),"")
A20: 11 | B20: =IF($K20="","",INDEX(Horario!$Q$2:$Q$1500,$K20)) | C20: =IF($K20="","",INDEX(Horario!$V$2:$V$1500,$K20)) | D20: =IF($K20="","",INDEX(Horario!$B$2:$B$1500,$K20)) | E20: =IF($K20="","",IF(INDEX(Horario!$K$2:$K$1500,$K20)="","(énfasis)",INDEX(Horario!$K$2:$K$1500,$K20))) | F20: =IF($K20="","",INDEX(Horario!$R$2:$R$1500,$K20)) | K20: =IFERROR(MATCH($L$4&"|"&A20,Horario!$U$2:$U$1500,0),"")
A21: 12 | B21: =IF($K21="","",INDEX(Horario!$Q$2:$Q$1500,$K21)) | C21: =IF($K21="","",INDEX(Horario!$V$2:$V$1500,$K21)) | D21: =IF($K21="","",INDEX(Horario!$B$2:$B$1500,$K21)) | E21: =IF($K21="","",IF(INDEX(Horario!$K$2:$K$1500,$K21)="","(énfasis)",INDEX(Horario!$K$2:$K$1500,$K21))) | F21: =IF($K21="","",INDEX(Horario!$R$2:$R$1500,$K21)) | K21: =IFERROR(MATCH($L$4&"|"&A21,Horario!$U$2:$U$1500,0),"")
... A79: 70 | B79: =IF($K79="","",INDEX(Horario!$Q$2:$Q$1500,$K79)) | C79: =IF($K79="","",INDEX(Horario!$V$2:$V$1500,$K79)) | D79: =IF($K79="","",INDEX(Horario!$B$2:$B$1500,$K79)) | E79: =IF($K79="","",IF(INDEX(Horario!$K$2:$K$1500,$K79)="","(énfasis)",INDEX(Horario!$K$2:$K$1500,$K79))) | F79: =IF($K79="","",INDEX(Horario!$R$2:$R$1500,$K79)) | K79: =IFERROR(MATCH($L$4&"|"&A79,Horario!$U$2:$U$1500,0),"")

Sheet Docentes
A1: codigo | B1: n | C1: apellidos | D1: nombres | E1: nombre_completo | F1: nivel | G1: grupo_titular | H1: direccion_grupo | I1: areas | J1: correo | K1: tiene_horario | L1: nota
A2: D001 | B2: 1 | C2: Aguirre Riascos | D2: Jorge Andrés | E2: Aguirre Riascos Jorge Andrés | F2: SECUNDARIA | H2: 7°-3 | I2: TEI | K2: SI
A3: D002 | B3: 2 | C3: Angulo Lucero | D3: Andrés Mauricio | E3: Angulo Lucero Andrés Mauricio | F3: SECUNDARIA | H3: 11°-1 | I3: TEI | K3: SI
A4: D003 | B4: 3 | C4: Arboleda Ortiz | D4: Luz América | E4: Arboleda Ortiz Luz América | F4: SECUNDARIA | H4: 11°-2 | I4: ART | K4: SI
A5: D004 | B5: 4 | C5: Arizala Castro | D5: Roberto Carlos | E5: Arizala Castro Roberto Carlos | F5: SECUNDARIA | H5: 7°-4 | I5: CNA/ERD | K5: SI | L5: Desde el cambio del rector atiende todo el horario (Educación Física y Ciencias Naturales) que tenía Terán | M5: hoy Armero (Docente 2)
A6: D005 | B6: 5 | C6: Bastidas Valencia | D6: Zeneida Judith | E6: Bastidas Valencia Zeneida Judith | F6: SECUNDARIA | H6: 9°-2 | I6: MAT | K6: SI
A7: D006 | B7: 6 | C7: Betancourth Ocampo | D7: Yohana Patricia | E7: Betancourth Ocampo Yohana Patricia | F7: SECUNDARIA | H7: 10°-2 | I7: CSI | K7: SI
A8: D007 | B8: 7 | C8: Casanova Casanova | D8: Johana Andrea | E8: Casanova Casanova Johana Andrea | F8: ORIENTACIÓN | K8: SI | L8: Docente orientadora: sin grupos, trabaja con todos los niveles
A9: D008 | B9: 8 | C9: Casanova Quiñones | D9: Yoli del Carmen | E9: Casanova Quiñones Yoli del Carmen | F9: SECUNDARIA | H9: 8°-2 | I9: ETR | K9: SI
A10: D009 | B10: 9 | C10: Castillo Angulo | D10: Martha Cecilia | E10: Castillo Angulo Martha Cecilia | F10: SECUNDARIA | H10: 7°-3 | I10: ETR | K10: SI
A11: D010 | B11: 10 | C11: Castillo Cuero | D11: Daira Eneida | E11: Castillo Cuero Daira Eneida | F11: SECUNDARIA | H11: 7°-1 | I11: CAS | K11: SI
A12: D011 | B12: 11 | C12: Centeno Zúñiga | D12: Claudia Patricia | E12: Centeno Zúñiga Claudia Patricia | F12: PRIMARIA | G12: 0502 | H12: 5°-2 | K12: SI | L12: Grupo según DIRECCIÓN DE GRUPO 2026
A13: D012 | B13: 12 | C13: Chillambo Quiñones | D13: María Rocío | E13: Chillambo Quiñones María Rocío | F13: SECUNDARIA | H13: 8°-2 | I13: CNA | K13: SI
A14: D013 | B14: 13 | C14: Cortés Salazar | D14: María Ebelice | E14: Cortés Salazar María Ebelice | F14: PRIMARIA | G14: 0201 | H14: 2°-1 | K14: SI | L14: Grupo según DIRECCIÓN DE GRUPO 2026
A15: D014 | B15: 14 | C15: Cuéllar Gallo | D15: Nemesia | E15: Cuéllar Gallo Nemesia | F15: PRIMARIA | G15: 0501 | H15: 5°-1 | K15: SI | L15: Grupo según DIRECCIÓN DE GRUPO 2026
A16: D015 | B16: 15 | C16: Cuero Bamba | D16: Berte Levi | E16: Cuero Bamba Berte Levi | F16: SECUNDARIA | H16: CS 2-2 | I16: ERD | K16: SI
A17: D016 | B17: 16 | C17: Cuero Rincón | D17: Hernando Jesús | E17: Cuero Rincón Hernando Jesús | F17: SECUNDARIA | H17: CS 1-1 | I17: CAS/TEI | K17: SI
A18: D017 | B18: 17 | C18: Escobar Cortés | D18: Liliana | E18: Escobar Cortés Liliana | F18: PRIMARIA | G18: 0504 | H18: 5°-4 | K18: SI | L18: Grupo según DIRECCIÓN DE GRUPO 2026
A19: D018 | B19: 18 | C19: Estacio Estupiñán | D19: Rosario | E19: Estacio Estupiñán Rosario | F19: SECUNDARIA | H19: 9°-1 | I19: ETR | K19: SI
A20: D019 | B20: 19 | C20: Fernández Vélez | D20: Alfredo Enrique | E20: Fernández Vélez Alfredo Enrique | F20: SECUNDARIA | H20: 8°-1 | I20: TEI | K20: SI
A21: D020 | B21: 20 | C21: García Gobea | D21: Saydi Magali | E21: García Gobea Saydi Magali | F21: SECUNDARIA | H21: CS 1-1 | I21: CSI | K21: SI
A22: D021 | B22: 21 | C22: Garzón Quiñones | D22: Sixta Janina | E22: Garzón Quiñones Sixta Janina | F22: PRIMARIA | G22: 0202 | H22: 2°-2 | K22: SI | L22: Grupo según DIRECCIÓN DE GRUPO 2026
A23: D022 | B23: 22 | C23: González Castillo | D23: Jólmer Jimy | E23: González Castillo Jólmer Jimy | F23: SECUNDARIA | H23: 9°-1 | I23: ERD | K23: SI
A24: D023 | B24: 23 | C24: Landázuri Quiñones | D24: María Elia | E24: Landázuri Quiñones María Elia | F24: PRIMARIA | G24: 0101 | H24: 1°-1 | K24: SI | L24: Grupo según DIRECCIÓN DE GRUPO 2026
A25: D024 | B25: 24 | C25: Landázuri Gallón | D25: Teresa | E25: Landázuri Gallón Teresa | F25: PRIMARIA | G25: 0302 | H25: 3°-2 | K25: SI | L25: Grupo según DIRECCIÓN DE GRUPO 2026
A26: D025 | B26: 25 | C26: Lemos Guancha | D26: Miriam | E26: Lemos Guancha Miriam | F26: SECUNDARIA | I26: CNA | K26: SI
A27: D026 | B27: 26 | C27: Lozano Torres | D27: Amanda Inés | E27: Lozano Torres Amanda Inés | F27: SECUNDARIA | H27: 6°-2 | I27: ETR | K27: SI
A28: D027 | B28: 27 | C28: Martínez Álvarez | D28: Andrea Ascención | E28: Martínez Álvarez Andrea Ascención | F28: PREESCOLAR | G28: 0002 | H28: 0°-2 | K28: SI | L28: Grupo según DIRECCIÓN DE GRUPO 2026
A29: D028 | B29: 28 | C29: Meza Banguera | D29: Gladys Alicia | E29: Meza Banguera Gladys Alicia | F29: SECUNDARIA | H29: 10°-1 | I29: CAS | K29: SI
A30: D029 | B30: 29 | C30: Mindineros Satizábal | D30: John Jáver | E30: Mindineros Satizábal John Jáver | F30: SECUNDARIA | H30: 10°-1 | I30: TEI | K30: SI
A31: D030 | B31: 30 | C31: Montaño Anchico | D31: Favio Héctor | E31: Montaño Anchico Favio Héctor | F31: SECUNDARIA | H31: 6°-1 | I31: CAS | K31: SI
A32: D031 | B32: 31 | C32: Montaño Arizala | D32: Leidis Claudina | E32: Montaño Arizala Leidis Claudina | F32: SECUNDARIA | H32: 11°-2 | I32: ETR | K32: SI
A33: D032 | B33: 32 | C33: Narváez Sánchez | D33: Dora Alejandra | E33: Narváez Sánchez Dora Alejandra | F33: PRIMARIA | G33: 0503 | H33: 5°-3 | K33: SI | L33: Grupo según DIRECCIÓN DE GRUPO 2026
A34: D033 | B34: 33 | C34: Núñez Perlaza | D34: Elcy | E34: Núñez Perlaza Elcy | F34: PRIMARIA | G34: 0402 | H34: 4°-2 | K34: SI | L34: Grupo según DIRECCIÓN DE GRUPO 2026
A35: D034 | B35: 34 | C35: Ordóñez Tenorio | D35: Jaime Marcial | E35: Ordóñez Tenorio Jaime Marcial | F35: SECUNDARIA | H35: 7°-1 | I35: CNA | K35: SI
A36: D035 | B36: 35 | C36: Ortiz Araujo | D36: Adiela Carlota | E36: Ortiz Araujo Adiela Carlota | F36: SECUNDARIA | H36: CS 2-1 | I36: CSI | K36: SI
A37: D036 | B37: 36 | C37: Ponce Moncayo | D37: Ángela Paola | E37: Ponce Moncayo Ángela Paola | F37: ORIENTACIÓN | K37: SI | L37: Docente orientadora: sin grupos, trabaja con todos los niveles
A38: D037 | B38: 37 | C38: Prado Quiñones | D38: Genís Maribel | E38: Prado Quiñones Genís Maribel | F38: SECUNDARIA | H38: 7°-2 | I38: ART/CNA | K38: SI | L38: Reemplazo de la docente Luz María Cortés Tenorio. Desde el cambio del rector atiende el horario que tenía Puches (Docente 1)
A39: D038 | B39: 38 | C39: Preciado Torres | D39: Oleisa | E39: Preciado Torres Oleisa | F39: SECUNDARIA | H39: CS 2-1 | I39: MAT | K39: SI
A40: D039 | B40: 39 | C40: Puches | D40: Ana Milena | E40: Puches Ana Milena | F40: SECUNDARIA | H40: CS 1-2 | I40: ART | K40: SI | L40: Desde el cambio del rector atiende el horario que tenía Prado Maribel (Docente 2 de Arte)
A41: D040 | B41: 40 | C41: Pulgarín Ortiz | D41: César Marino | E41: Pulgarín Ortiz César Marino | F41: SECUNDARIA | I41: CSI | K41: SI
A42: D041 | B42: 41 | C42: Quintero Ramírez | D42: María del Carmen | E42: Quintero Ramírez María del Carmen | F42: SECUNDARIA | H42: 7°-2 | I42: CSI | K42: SI
A43: D042 | B43: 42 | C43: Quiñones Cabezas | D43: Marcos Vidal | E43: Quiñones Cabezas Marcos Vidal | F43: SECUNDARIA | H43: 6°-1 | I43: MAT/TEI | K43: SI
A44: D043 | B44: 43 | C44: Ramírez Guerra | D44: Jimmy Eduardo | E44: Ramírez Guerra Jimmy Eduardo | F44: SECUNDARIA | H44: 7°-4 | I44: ERD | K44: SI
A45: D044 | B45: 44 | C45: Samaniego Angulo | D45: Flor Mireya | E45: Samaniego Angulo Flor Mireya | F45: SECUNDARIA | H45: CS 2-2 | I45: ART | K45: SI
A46: D045 | B46: 45 | C46: Sinisterra | D46: Ana Lucía | E46: Sinisterra Ana Lucía | F46: PRIMARIA | G46: 0102 | H46: 1°-2 | K46: SI | L46: Grupo según DIRECCIÓN DE GRUPO 2026
A47: D046 | B47: 46 | C47: Tenorio Cuero | D47: Lucy Bivian | E47: Tenorio Cuero Lucy Bivian | F47: PRIMARIA | G47: 0203 | H47: 2°-3 | K47: SI | L47: Grupo según DIRECCIÓN DE GRUPO 2026
A48: D047 | B48: 47 | C48: Terán Guevara | D48: Jorge Alberto | E48: Terán Guevara Jorge Alberto | F48: REEMPLAZADO | K48: NO | L48: Reemplazado por Armero Dájome Jesús: su horario lo atiende Armero
A49: D048 | B49: 48 | C49: Torres Segura | D49: Encarnación | E49: Torres Segura Encarnación | F49: PRIMARIA | G49: 0301 | H49: 3°-1 | K49: SI | L49: Grupo según DIRECCIÓN DE GRUPO 2026
A50: D049 | B50: 49 | C50: Valencia Marínez | D50: Saidy Eufemia | E50: Valencia Marínez Saidy Eufemia | F50: SECUNDARIA | H50: 11°-1 | I50: ART | K50: SI
A51: D050 | B51: 50 | C51: Valencia Solís | D51: Gloria Alexa | E51: Valencia Solís Gloria Alexa | F51: PREESCOLAR | G51: 0001 | H51: 0°-1 | K51: SI | L51: Grupo según DIRECCIÓN DE GRUPO 2026
A52: D051 | B52: 51 | C52: Valverde Montaño | D52: María Teresa | E52: Valverde Montaño María Teresa | F52: SECUNDARIA | H52: 8°-1 | I52: CAS | K52: SI
A53: D052 | B53: 52 | C53: Vásquez Valencia | D53: Segundo Leoncio | E53: Vásquez Valencia Segundo Leoncio | F53: SECUNDARIA | H53: CS 1-2 | I53: MAT | K53: SI
A54: D053 | B54: 53 | C54: Villota Rubio | D54: Héctor Hugo | E54: Villota Rubio Héctor Hugo | F54: SECUNDARIA | H54: 9°-2 | I54: CNA | K54: SI
A55: D054 | B55: 54 | C55: Villota Rubio | D55: Janeth del Carmen | E55: Villota Rubio Janeth del Carmen | F55: SECUNDARIA | H55: 10°-2 | I55: MAT | K55: SI
A56: D055 | B56: 55 | C56: Zamora Ordóñez | D56: Celia Pastora | E56: Zamora Ordóñez Celia Pastora | F56: PRIMARIA | G56: 0401 | H56: 4°-1 | K56: SI | L56: Grupo según DIRECCIÓN DE GRUPO 2026
A57: D056 | B57: 56 | C57: Ortiz Estacio | D57: Martha Cecilia | E57: Ortiz Estacio Martha Cecilia | F57: TUTORA PTAFI | K57: SI | L57: Tutora PTAFI (Todos a Aprender - Formación Integral), transitoria: apoya preescolar y primaria (procesos básicos, centros de interés)
A58: D057 | B58: 57 | C58: Armero Dájome | D58: Jesús | E58: Armero Dájome Jesús | F58: SECUNDARIA | H58: 6°-2 | I58: ERD | K58: SI | L58: Reemplazo de Terán Guevara Jorge Alberto: atiende su horario (desde el cambio del rector | M58: todo el horario que tenía Arizala | N58: Docente 1)

Sheet Horario
A1: docente_n | B1: docente | C1: dia | D1: hora | E1: bloque | F1: sesion | G1: inicio | H1: fin | I1: tipo | J1: grupo | K1: area | L1: enfasis_ref | M1: grupos_enfasis | N1: equipo_enfasis | O1: alternancia | P1: celda_original | Q1: grupo_mostrar | R1: nota | S1: clave | T1: orden | U1: indice | V1: dir_grupo
A2: 23 | B2: Landázuri Quiñones María Elia | C2: LUNES | D2: 1 | E2: 1 | F2: 1 | G2: 06:30 | H2: 07:15 | I2: AREAS_MULTIPLES | J2: 0101 | K2: ÁREAS MÚLTIPLES | O2: Maestro de aula: todas las áreas con su grupo | Q2: =IF(I2="ENFASIS","ÉNFASIS "&M2,IFERROR(VLOOKUP(J2,Grupos!$A$2:$D$100,4,FALSE),J2)) | R2: =O2&IF(N2<>"",IF(O2<>""," · ","")&"Con: "&N2,"") | S2: =C2&"|"&D2 | T2: =COUNTIF($S$2:S2,S2) | U2: =S2&"|"&T2 | V2: =IFERROR(VLOOKUP(IF(I2="ENFASIS",LEFT(M2,FIND("+",M2&"+")-1),J2),Direccion_Grupo!$A$2:$G$100,7,FALSE),"")
A3: 45 | B3: Sinisterra Ana Lucía | C3: LUNES | D3: 1 | E3: 1 | F3: 1 | G3: 06:30 | H3: 07:15 | I3: AREAS_MULTIPLES | J3: 0102 | K3: ÁREAS MÚLTIPLES | O3: Maestro de aula: todas las áreas con su grupo | Q3: =IF(I3="ENFASIS","ÉNFASIS "&M3,IFERROR(VLOOKUP(J3,Grupos!$A$2:$D$100,4,FALSE),J3)) | R3: =O3&IF(N3<>"",IF(O3<>""," · ","")&"Con: "&N3,"") | S3: =C3&"|"&D3 | T3: =COUNTIF($S$2:S3,S3) | U3: =S3&"|"&T3 | V3: =IFERROR(VLOOKUP(IF(I3="ENFASIS",LEFT(M3,FIND("+",M3&"+")-1),J3),Direccion_Grupo!$A$2:$G$100,7,FALSE),"")
A4: 13 | B4: Cortés Salazar María Ebelice | C4: LUNES | D4: 1 | E4: 1 | F4: 1 | G4: 06:30 | H4: 07:15 | I4: AREAS_MULTIPLES | J4: 0201 | K4: ÁREAS MÚLTIPLES | O4: Maestro de aula: todas las áreas con su grupo | Q4: =IF(I4="ENFASIS","ÉNFASIS "&M4,IFERROR(VLOOKUP(J4,Grupos!$A$2:$D$100,4,FALSE),J4)) | R4: =O4&IF(N4<>"",IF(O4<>""," · ","")&"Con: "&N4,"") | S4: =C4&"|"&D4 | T4: =COUNTIF($S$2:S4,S4) | U4: =S4&"|"&T4 | V4: =IFERROR(VLOOKUP(IF(I4="ENFASIS",LEFT(M4,FIND("+",M4&"+")-1),J4),Direccion_Grupo!$A$2:$G$100,7,FALSE),"")
A5: 21 | B5: Garzón Quiñones Sixta Janina | C5: LUNES | D5: 1 | E5: 1 | F5: 1 | G5: 06:30 | H5: 07:15 | I5: AREAS_MULTIPLES | J5: 0202 | K5: ÁREAS MÚLTIPLES | O5: Maestro de aula: todas las áreas con su grupo | Q5: =IF(I5="ENFASIS","ÉNFASIS "&M5,IFERROR(VLOOKUP(J5,Grupos!$A$2:$D$100,4,FALSE),J5)) | R5: =O5&IF(N5<>"",IF(O5<>""," · ","")&"Con: "&N5,"") | S5: =C5&"|"&D5 | T5: =COUNTIF($S$2:S5,S5) | U5: =S5&"|"&T5 | V5: =IFERROR(VLOOKUP(IF(I5="ENFASIS",LEFT(M5,FIND("+",M5&"+")-1),J5),Direccion_Grupo!$A$2:$G$100,7,FALSE),"")
A6: 46 | B6: Tenorio Cuero Lucy Bivian | C6: LUNES | D6: 1 | E6: 1 | F6: 1 | G6: 06:30 | H6: 07:15 | I6: AREAS_MULTIPLES | J6: 0203 | K6: ÁREAS MÚLTIPLES | O6: Maestro de aula: todas las áreas con su grupo | Q6: =IF(I6="ENFASIS","ÉNFASIS "&M6,IFERROR(VLOOKUP(J6,Grupos!$A$2:$D$100,4,FALSE),J6)) | R6: =O6&IF(N6<>"",IF(O6<>""," · ","")&"Con: "&N6,"") | S6: =C6&"|"&D6 | T6: =COUNTIF($S$2:S6,S6) | U6: =S6&"|"&T6 | V6: =IFERROR(VLOOKUP(IF(I6="ENFASIS",LEFT(M6,FIND("+",M6&"+")-1),J6),Direccion_Grupo!$A$2:$G$100,7,FALSE),"")
A7: 48 | B7: Torres Segura Encarnación | C7: LUNES | D7: 1 | E7: 1 | F7: 1 | G7: 06:30 | H7: 07:15 | I7: AREAS_MULTIPLES | J7: 0301 | K7: ÁREAS MÚLTIPLES | O7: Maestro de aula: todas las áreas con su grupo | Q7: =IF(I7="ENFASIS","ÉNFASIS "&M7,IFERROR(VLOOKUP(J7,Grupos!$A$2:$D$100,4,FALSE),J7)) | R7: =O7&IF(N7<>"",IF(O7<>""," · ","")&"Con: "&N7,"") | S7: =C7&"|"&D7 | T7: =COUNTIF($S$2:S7,S7) | U7: =S7&"|"&T7 | V7: =IFERROR(VLOOKUP(IF(I7="ENFASIS",LEFT(M7,FIND("+",M7&"+")-1),J7),Direccion_Grupo!$A$2:$G$100,7,FALSE),"")
A8: 24 | B8: Landázuri Gallón Teresa | C8: LUNES | D8: 1 | E8: 1 | F8: 1 | G8: 06:30 | H8: 07:15 | I8: AREAS_MULTIPLES | J8: 0302 | K8: ÁREAS MÚLTIPLES | O8: Maestro de aula: todas las áreas con su grupo | Q8: =IF(I8="ENFASIS","ÉNFASIS "&M8,IFERROR(VLOOKUP(J8,Grupos!$A$2:$D$100,4,FALSE),J8)) | R8: =O8&IF(N8<>"",IF(O8<>""," · ","")&"Con: "&N8,"") | S8: =C8&"|"&D8 | T8: =COUNTIF($S$2:S8,S8) | U8: =S8&"|"&T8 | V8: =IFERROR(VLOOKUP(IF(I8="ENFASIS",LEFT(M8,FIND("+",M8&"+")-1),J8),Direccion_Grupo!$A$2:$G$100,7,FALSE),"")
A9: 55 | B9: Zamora Ordóñez Celia Pastora | C9: LUNES | D9: 1 | E9: 1 | F9: 1 | G9: 06:30 | H9: 07:15 | I9: AREAS_MULTIPLES | J9: 0401 | K9: ÁREAS MÚLTIPLES | O9: Maestro de aula: todas las áreas con su grupo | Q9: =IF(I9="ENFASIS","ÉNFASIS "&M9,IFERROR(VLOOKUP(J9,Grupos!$A$2:$D$100,4,FALSE),J9)) | R9: =O9&IF(N9<>"",IF(O9<>""," · ","")&"Con: "&N9,"") | S9: =C9&"|"&D9 | T9: =COUNTIF($S$2:S9,S9) | U9: =S9&"|"&T9 | V9: =IFERROR(VLOOKUP(IF(I9="ENFASIS",LEFT(M9,FIND("+",M9&"+")-1),J9),Direccion_Grupo!$A$2:$G$100,7,FALSE),"")
A10: 33 | B10: Núñez Perlaza Elcy | C10: LUNES | D10: 1 | E10: 1 | F10: 1 | G10: 06:30 | H10: 07:15 | I10: AREAS_MULTIPLES | J10: 0402 | K10: ÁREAS MÚLTIPLES | O10: Maestro de aula: todas las áreas con su grupo | Q10: =IF(I10="ENFASIS","ÉNFASIS "&M10,IFERROR(VLOOKUP(J10,Grupos!$A$2:$D$100,4,FALSE),J10)) | R10: =O10&IF(N10<>"",IF(O10<>""," · ","")&"Con: "&N10,"") | S10: =C10&"|"&D10 | T10: =COUNTIF($S$2:S10,S10) | U10: =S10&"|"&T10 | V10: =IFERROR(VLOOKUP(IF(I10="ENFASIS",LEFT(M10,FIND("+",M10&"+")-1),J10),Direccion_Grupo!$A$2:$G$100,7,FALSE),"")
A11: 14 | B11: Cuéllar Gallo Nemesia | C11: LUNES | D11: 1 | E11: 1 | F11: 1 | G11: 06:30 | H11: 07:15 | I11: AREAS_MULTIPLES | J11: 0501 | K11: ÁREAS MÚLTIPLES | O11: Maestro de aula: todas las áreas con su grupo | Q11: =IF(I11="ENFASIS","ÉNFASIS "&M11,IFERROR(VLOOKUP(J11,Grupos!$A$2:$D$100,4,FALSE),J11)) | R11: =O11&IF(N11<>"",IF(O11<>""," · ","")&"Con: "&N11,"") | S11: =C11&"|"&D11 | T11: =COUNTIF($S$2:S11,S11) | U11: =S11&"|"&T11 | V11: =IFERROR(VLOOKUP(IF(I11="ENFASIS",LEFT(M11,FIND("+",M11&"+")-1),J11),Direccion_Grupo!$A$2:$G$100,7,FALSE),"")
A12: 11 | B12: Centeno Zúñiga Claudia Patricia | C12: LUNES | D12: 1 | E12: 1 | F12: 1 | G12: 06:30 | H12: 07:15 | I12: AREAS_MULTIPLES | J12: 0502 | K12: ÁREAS MÚLTIPLES | O12: Maestro de aula: todas las áreas con su grupo | Q12: =IF(I12="ENFASIS","ÉNFASIS "&M12,IFERROR(VLOOKUP(J12,Grupos!$A$2:$D$100,4,FALSE),J12)) | R12: =O12&IF(N12<>"",IF(O12<>""," · ","")&"Con: "&N12,"") | S12: =C12&"|"&D12 | T12: =COUNTIF($S$2:S12,S12) | U12: =S12&"|"&T12 | V12: =IFERROR(VLOOKUP(IF(I12="ENFASIS",LEFT(M12,FIND("+",M12&"+")-1),J12),Direccion_Grupo!$A$2:$G$100,7,FALSE),"")
A13: 32 | B13: Narváez Sánchez Dora Alejandra | C13: LUNES | D13: 1 | E13: 1 | F13: 1 | G13: 06:30 | H13: 07:15 | I13: AREAS_MULTIPLES | J13: 0503 | K13: ÁREAS MÚLTIPLES | O13: Maestro de aula: todas las áreas con su grupo | Q13: =IF(I13="ENFASIS","ÉNFASIS "&M13,IFERROR(VLOOKUP(J13,Grupos!$A$2:$D$100,4,FALSE),J13)) | R13: =O13&IF(N13<>"",IF(O13<>""," · ","")&"Con: "&N13,"") | S13: =C13&"|"&D13 | T13: =COUNTIF($S$2:S13,S13) | U13: =S13&"|"&T13 | V13: =IFERROR(VLOOKUP(IF(I13="ENFASIS",LEFT(M13,FIND("+",M13&"+")-1),J13),Direccion_Grupo!$A$2:$G$100,7,FALSE),"")
A14: 17 | B14: Escobar Cortés Liliana | C14: LUNES | D14: 1 | E14: 1 | F14: 1 | G14: 06:30 | H14: 07:15 | I14: AREAS_MULTIPLES | J14: 0504 | K14: ÁREAS MÚLTIPLES | O14: Maestro de aula: todas las áreas con su grupo | Q14: =IF(I14="ENFASIS","ÉNFASIS "&M14,IFERROR(VLOOKUP(J14,Grupos!$A$2:$D$100,4,FALSE),J14)) | R14: =O14&IF(N14<>"",IF(O14<>""," · ","")&"Con: "&N14,"") | S14: =C14&"|"&D14 | T14: =COUNTIF($S$2:S14,S14) | U14: =S14&"|"&T14 | V14: =IFERROR(VLOOKUP(IF(I14="ENFASIS",LEFT(M14,FIND("+",M14&"+")-1),J14),Direccion_Grupo!$A$2:$G$100,7,FALSE),"")
A15: 37 | B15: Prado Quiñones Genís Maribel | C15: LUNES | D15: 1 | E15: 1 | F15: 1 | G15: 06:30 | H15: 07:15 | I15: CLASE | J15: 0601 | K15: ART | P15: 0601-ART | Q15: =IF(I15="ENFASIS","ÉNFASIS "&M15,IFERROR(VLOOKUP(J15,Grupos!$A$2:$D$100,4,FALSE),J15)) | R15: =O15&IF(N15<>"",IF(O15<>""," · ","")&"Con: "&N15,"") | S15: =C15&"|"&D15 | T15: =COUNTIF($S$2:S15,S15) | U15: =S15&"|"&T15 | V15: =IFERROR(VLOOKUP(IF(I15="ENFASIS",LEFT(M15,FIND("+",M15&"+")-1),J15),Direccion_Grupo!$A$2:$G$100,7,FALSE),"")
A16: 26 | B16: Lozano Torres Amanda Inés | C16: LUNES | D16: 1 | E16: 1 | F16: 1 | G16: 06:30 | H16: 07:15 | I16: CLASE | J16: 0602 | K16: ETR | O16: Ética / Religión (alternan cada semana) | P16: 0602-ETR | Q16: =IF(I16="ENFASIS","ÉNFASIS "&M16,IFERROR(VLOOKUP(J16,Grupos!$A$2:$D$100,4,FALSE),J16)) | R16: =O16&IF(N16<>"",IF(O16<>""," · ","")&"Con: "&N16,"") | S16: =C16&"|"&D16 | T16: =COUNTIF($S$2:S16,S16) | U16: =S16&"|"&T16 | V16: =IFERROR(VLOOKUP(IF(I16="ENFASIS",LEFT(M16,FIND("+",M16&"+")-1),J16),Direccion_Grupo!$A$2:$G$100,7,FALSE),"")
A17: 39 | B17: Puches Ana Milena | C17: LUNES | D17: 1 | E17: 1 | F17: 1 | G17: 06:30 | H17: 07:15 | I17: CLASE | J17: 0704 | K17: ART | P17: 0704-ART | Q17: =IF(I17="ENFASIS","ÉNFASIS "&M17,IFERROR(VLOOKUP(J17,Grupos!$A$2:$D$100,4,FALSE),J17)) | R17: =O17&IF(N17<>"",IF(O17<>""," · ","")&"Con: "&N17,"") | S17: =C17&"|"&D17 | T17: =COUNTIF($S$2:S17,S17) | U17: =S17&"|"&T17 | V17: =IFERROR(VLOOKUP(IF(I17="ENFASIS",LEFT(M17,FIND("+",M17&"+")-1),J17),Direccion_Grupo!$A$2:$G$100,7,FALSE),"")
A18: 35 | B18: Ortiz Araujo Adiela Carlota | C18: LUNES | D18: 1 | E18: 1 | F18: 1 | G18: 06:30 | H18: 07:15 | I18: CLASE | J18: 0801 | K18: CSI | O18: Sociales / Inglés (alternan cada semana) | P18: 0801-CSI | Q18: =IF(I18="ENFASIS","ÉNFASIS "&M18,IFERROR(VLOOKUP(J18,Grupos!$A$2:$D$100,4,FALSE),J18)) | R18: =O18&IF(N18<>"",IF(O18<>""," · ","")&"Con: "&N18,"") | S18: =C18&"|"&D18 | T18: =COUNTIF($S$2:S18,S18) | U18: =S18&"|"&T18 | V18: =IFERROR(VLOOKUP(IF(I18="ENFASIS",LEFT(M18,FIND("+",M18&"+")-1),J18),Direccion_Grupo!$A$2:$G$100,7,FALSE),"")
A19: 15 | B19: Cuero Bamba Berte Levi | C19: LUNES | D19: 1 | E19: 1 | F19: 1 | G19: 06:30 | H19: 07:15 | I19: CLASE | J19: 0802 | K19: ERD | P19: 0802-ERD | Q19: =IF(I19="ENFASIS","ÉNFASIS "&M19,IFERROR(VLOOKUP(J19,Grupos!$A$2:$D$100,4,FALSE),J19)) | R19: =O19&IF(N19<>"",IF(O19<>""," · ","")&"Con: "&N19,"") | S19: =C19&"|"&D19 | T19: =COUNTIF($S$2:S19,S19) | U19: =S19&"|"&T19 | V19: =IFERROR(VLOOKUP(IF(I19="ENFASIS",LEFT(M19,FIND("+",M19&"+")-1),J19),Direccion_Grupo!$A$2:$G$100,7,FALSE),"")
A20: 6 | B20: Betancourth Ocampo Yohana Patricia | C20: LUNES | D20: 1 | E20: 1 | F20: 1 | G20: 06:30 | H20: 07:15 | I20: CLASE | J20: 0901 | K20: CSI | O20: Sociales / Inglés (alternan cada semana) | P20: 0901-CSI | Q20: =IF(I20="ENFASIS","ÉNFASIS "&M20,IFERROR(VLOOKUP(J20,Grupos!$A$2:$D$100,4,FALSE),J20)) | R20: =O20&IF(N20<>"",IF(O20<>""," · ","")&"Con: "&N20,"") | S20: =C20&"|"&D20 | T20: =COUNTIF($S$2:S20,S20) | U20: =S20&"|"&T20 | V20: =IFERROR(VLOOKUP(IF(I20="ENFASIS",LEFT(M20,FIND("+",M20&"+")-1),J20),Direccion_Grupo!$A$2:$G$100,7,FALSE),"")
A21: 49 | B21: Valencia Marínez Saidy Eufemia | C21: LUNES | D21: 1 | E21: 1 | F21: 1 | G21: 06:30 | H21: 07:15 | I21: CLASE | J21: 0902 | K21: ART | P21: 0902-ART | Q21: =IF(I21="ENFASIS","ÉNFASIS "&M21,IFERROR(VLOOKUP(J21,Grupos!$A$2:$D$100,4,FALSE),J21)) | R21: =O21&IF(N21<>"",IF(O21<>""," · ","")&"Con: "&N21,"") | S21: =C21&"|"&D21 | T21: =COUNTIF($S$2:S21,S21) | U21: =S21&"|"&T21 | V21: =IFERROR(VLOOKUP(IF(I21="ENFASIS",LEFT(M21,FIND("+",M21&"+")-1),J21),Direccion_Grupo!$A$2:$G$100,7,FALSE),"")
A22: 31 | B22: Montaño Arizala Leidis Claudina | C22: LUNES | D22: 1 | E22: 1 | F22: 1 | G22: 06:30 | H22: 07:15 | I22: CLASE | J22: 1002 | K22: ETR | O22: Ética / Religión (alternan cada semana) | P22: 1002-ETR | Q22: =IF(I22="ENFASIS","ÉNFASIS "&M22,IFERROR(VLOOKUP(J22,Grupos!$A$2:$D$100,4,FALSE),J22)) | R22: =O22&IF(N22<>"",IF(O22<>""," · ","")&"Con: "&N22,"") | S22: =C22&"|"&D22 | T22: =COUNTIF($S$2:S22,S22) | U22: =S22&"|"&T22 | V22: =IFERROR(VLOOKUP(IF(I22="ENFASIS",LEFT(M22,FIND("+",M22&"+")-1),J22),Direccion_Grupo!$A$2:$G$100,7,FALSE),"")
A23: 2 | B23: Angulo Lucero Andrés Mauricio | C23: LUNES | D23: 1 | E23: 1 | F23: 1 | G23: 06:30 | H23: 07:15 | I23: CLASE | J23: 1101 | K23: TEI | P23: 1101-TEI | Q23: =IF(I23="ENFASIS","ÉNFASIS "&M23,IFERROR(VLOOKUP(J23,Grupos!$A$2:$D$100,4,FALSE),J23)) | R23: =O23&IF(N23<>"",IF(O23<>""," · ","")&"Con: "&N23,"") | S23: =C23&"|"&D23 | T23: =COUNTIF($S$2:S23,S23) | U23: =S23&"|"&T23 | V23: =IFERROR(VLOOKUP(IF(I23="ENFASIS",LEFT(M23,FIND("+",M23&"+")-1),J23),Direccion_Grupo!$A$2:$G$100,7,FALSE),"")
A24: 40 | B24: Pulgarín Ortiz César Marino | C24: LUNES | D24: 1 | E24: 1 | F24: 1 | G24: 06:30 | H24: 07:15 | I24: CLASE | J24: 1102 | K24: CSI | O24: Sociales / Inglés (alternan cada semana) | P24: 1102-CSI | Q24: =IF(I24="ENFASIS","ÉNFASIS "&M24,IFERROR(VLOOKUP(J24,Grupos!$A$2:$D$100,4,FALSE),J24)) | R24: =O24&IF(N24<>"",IF(O24<>""," · ","")&"Con: "&N24,"") | S24: =C24&"|"&D24 | T24: =COUNTIF($S$2:S24,S24) | U24: =S24&"|"&T24 | V24: =IFERROR(VLOOKUP(IF(I24="ENFASIS",LEFT(M24,FIND("+",M24&"+")-1),J24),Direccion_Grupo!$A$2:$G$100,7,FALSE),"")
A25: 16 | B25: Cuero Rincón Hernando Jesús | C25: LUNES | D25: 1 | E25: 1 | F25: 1 | G25: 06:30 | H25: 07:15 | I25: CLASE | J25: CS101 | K25: CAS | P25: CS101-CAS | Q25: =IF(I25="ENFASIS","ÉNFASIS "&M25,IFERROR(VLOOKUP(J25,Grupos!$A$2:$D$100,4,FALSE),J25)) | R25: =O25&IF(N25<>"",IF(O25<>""," · ","")&"Con: "&N25,"") | S25: =C25&"|"&D25 | T25: =COUNTIF($S$2:S25,S25) | U25: =S25&"|"&T25 | V25: =IFERROR(VLOOKUP(IF(I25="ENFASIS",LEFT(M25,FIND("+",M25&"+")-1),J25),Direccion_Grupo!$A$2:$G$100,7,FALSE),"")
A26: 42 | B26: Quiñones Cabezas Marcos Vidal | C26: LUNES | D26: 1 | E26: 1 | F26: 1 | G26: 06:30 | H26: 07:15 | I26: CLASE | J26: CS102 | K26: TEI | P26: CS102-TEI | Q26: =IF(I26="ENFASIS","ÉNFASIS "&M26,IFERROR(VLOOKUP(J26,Grupos!$A$2:$D$100,4,FALSE),J26)) | R26: =O26&IF(N26<>"",IF(O26<>""," · ","")&"Con: "&N26,"") | S26: =C26&"|"&D26 | T26: =COUNTIF($S$2:S26,S26) | U26: =S26&"|"&T26 | V26: =IFERROR(VLOOKUP(IF(I26="ENFASIS",LEFT(M26,FIND("+",M26&"+")-1),J26),Direccion_Grupo!$A$2:$G$100,7,FALSE),"")
A27: 19 | B27: Fernández Vélez Alfredo Enrique | C27: LUNES | D27: 1 | E27: 1 | F27: 1 | G27: 06:30 | H27: 07:15 | I27: CLASE | J27: CS201 | K27: TEI | P27: CS201-TEI | Q27: =IF(I27="ENFASIS","ÉNFASIS "&M27,IFERROR(VLOOKUP(J27,Grupos!$A$2:$D$100,4,FALSE),J27)) | R27: =O27&IF(N27<>"",IF(O27<>""," · ","")&"Con: "&N27,"") | S27: =C27&"|"&D27 | T27: =COUNTIF($S$2:S27,S27) | U27: =S27&"|"&T27 | V27: =IFERROR(VLOOKUP(IF(I27="ENFASIS",LEFT(M27,FIND("+",M27&"+")-1),J27),Direccion_Grupo!$A$2:$G$100,7,FALSE),"")
A28: 12 | B28: Chillambo Quiñones María Rocío | C28: LUNES | D28: 1 | E28: 1 | F28: 1 | G28: 06:30 | H28: 07:15 | I28: CLASE | J28: CS202 | K28: CNA | P28: CS202-CNA | Q28: =IF(I28="ENFASIS","ÉNFASIS "&M28,IFERROR(VLOOKUP(J28,Grupos!$A$2:$D$100,4,FALSE),J28)) | R28: =O28&IF(N28<>"",IF(O28<>""," · ","")&"Con: "&N28,"") | S28: =C28&"|"&D28 | T28: =COUNTIF($S$2:S28,S28) | U28: =S28&"|"&T28 | V28: =IFERROR(VLOOKUP(IF(I28="ENFASIS",LEFT(M28,FIND("+",M28&"+")-1),J28),Direccion_Grupo!$A$2:$G$100,7,FALSE),"")
A29: 56 | B29: Ortiz Estacio Martha Cecilia | C29: LUNES | D29: 1 | E29: 1 | F29: 1 | G29: 06:30 | H29: 07:15 | I29: TUTORIA | J29: PTAFI | K29: TUTORÍA PTAFI | O29: Jornada 06:30 a 12:00 | Q29: =IF(I29="ENFASIS","ÉNFASIS "&M29,IFERROR(VLOOKUP(J29,Grupos!$A$2:$D$100,4,FALSE),J29)) | R29: =O29&IF(N29<>"",IF(O29<>""," · ","")&"Con: "&N29,"") | S29: =C29&"|"&D29 | T29: =COUNTIF($S$2:S29,S29) | U29: =S29&"|"&T29 | V29: =IFERROR(VLOOKUP(IF(I29="ENFASIS",LEFT(M29,FIND("+",M29&"+")-1),J29),Direccion_Grupo!$A$2:$G$100,7,FALSE),"")
A30: 44 | B30: Samaniego Angulo Flor Mireya | C30: LUNES | D30: 1 | E30: 1 | F30: 1 | G30: 06:30 | H30: 07:15 | I30: ENFASIS | K30: ART | L30: 0701 | M30: 0701 | N30: Valverde Montaño María Teresa (CAS) | O30: PAREJA: comparten el énfasis y alternan por semana | P30: ENFASIS-0701 | Q30: =IF(I30="ENFASIS","ÉNFASIS "&M30,IFERROR(VLOOKUP(J30,Grupos!$A$2:$D$100,4,FALSE),J30)) | R30: =O30&IF(N30<>"",IF(O30<>""," · ","")&"Con: "&N30,"") | S30: =C30&"|"&D30 | T30: =COUNTIF($S$2:S30,S30) | U30: =S30&"|"&T30 | V30: =IFERROR(VLOOKUP(IF(I30="ENFASIS",LEFT(M30,FIND("+",M30&"+")-1),J30),Direccion_Grupo!$A$2:$G$100,7,FALSE),"")
A31: 51 | B31: Valverde Montaño María Teresa | C31: LUNES | D31: 1 | E31: 1 | F31: 1 | G31: 06:30 | H31: 07:15 | I31: ENFASIS | K31: CAS | L31: 0701 | M31: 0701 | N31: Samaniego Angulo Flor Mireya (ART) | O31: PAREJA: comparten el énfasis y alternan por semana | P31: ENFASIS-0701 | Q31: =IF(I31="ENFASIS","ÉNFASIS "&M31,IFERROR(VLOOKUP(J31,Grupos!$A$2:$D$100,4,FALSE),J31)) | R31: =O31&IF(N31<>"",IF(O31<>""," · ","")&"Con: "&N31,"") | S31: =C31&"|"&D31 | T31: =COUNTIF($S$2:S31,S31) | U31: =S31&"|"&T31 | V31: =IFERROR(VLOOKUP(IF(I31="ENFASIS",LEFT(M31,FIND("+",M31&"+")-1),J31),Direccion_Grupo!$A$2:$G$100,7,FALSE),"")
A32: 34 | B32: Ordóñez Tenorio Jaime Marcial | C32: LUNES | D32: 1 | E32: 1 | F32: 1 | G32: 06:30 | H32: 07:15 | I32: ENFASIS | K32: CNA | L32: 0702 | M32: 0702 | N32: Armero Dájome Jesús (ERD) | O32: PAREJA: comparten el énfasis y alternan por semana | P32: ENFASIS-0702 | Q32: =IF(I32="ENFASIS","ÉNFASIS "&M32,IFERROR(VLOOKUP(J32,Grupos!$A$2:$D$100,4,FALSE),J32)) | R32: =O32&IF(N32<>"",IF(O32<>""," · ","")&"Con: "&N32,"") | S32: =C32&"|"&D32 | T32: =COUNTIF($S$2:S32,S32) | U32: =S32&"|"&T32 | V32: =IFERROR(VLOOKUP(IF(I32="ENFASIS",LEFT(M32,FIND("+",M32&"+")-1),J32),Direccion_Grupo!$A$2:$G$100,7,FALSE),"")
A33: 4 | B33: Arizala Castro Roberto Carlos | C33: LUNES | D33: 1 | E33: 1 | F33: 1 | G33: 06:30 | H33: 07:15 | I33: ENFASIS | K33: ERD | L33: 0702 | M33: 0702 | N33: Ordóñez Tenorio Jaime Marcial (CNA) | O33: PAREJA: comparten el énfasis y alternan por semana | P33: ENFASIS-0702 | Q33: =IF(I33="ENFASIS","ÉNFASIS "&M33,IFERROR(VLOOKUP(J33,Grupos!$A$2:$D$100,4,FALSE),J33)) | R33: =O33&IF(N33<>"",IF(O33<>""," · ","")&"Con: "&N33,"") | S33: =C33&"|"&D33 | T33: =COUNTIF($S$2:S33,S33) | U33: =S33&"|"&T33 | V33: =IFERROR(VLOOKUP(IF(I33="ENFASIS",LEFT(M33,FIND("+",M33&"+")-1),J33),Direccion_Grupo!$A$2:$G$100,7,FALSE),"")
A34: 8 | B34: Casanova Quiñones Yoli del Carmen | C34: LUNES | D34: 1 | E34: 1 | F34: 1 | G34: 06:30 | H34: 07:15 | I34: ENFASIS | K34: ETR | L34: 0703 | M34: 0703 | N34: Quintero Ramírez María del Carmen (CSI) | O34: PAREJA: comparten el énfasis y alternan por semana | P34: ENFASIS-0703 | Q34: =IF(I34="ENFASIS","ÉNFASIS "&M34,IFERROR(VLOOKUP(J34,Grupos!$A$2:$D$100,4,FALSE),J34)) | R34: =O34&IF(N34<>"",IF(O34<>""," · ","")&"Con: "&N34,"") | S34: =C34&"|"&D34 | T34: =COUNTIF($S$2:S34,S34) | U34: =S34&"|"&T34 | V34: =IFERROR(VLOOKUP(IF(I34="ENFASIS",LEFT(M34,FIND("+",M34&"+")-1),J34),Direccion_Grupo!$A$2:$G$100,7,FALSE),"")
A35: 41 | B35: Quintero Ramírez María del Carmen | C35: LUNES | D35: 1 | E35: 1 | F35: 1 | G35: 06:30 | H35: 07:15 | I35: ENFASIS | K35: CSI | L35: 0703 | M35: 0703 | N35: Casanova Quiñones Yoli del Carmen (ETR) | O35: PAREJA: comparten el énfasis y alternan por semana | P35: ENFASIS-0703 | Q35: =IF(I35="ENFASIS","ÉNFASIS "&M35,IFERROR(VLOOKUP(J35,Grupos!$A$2:$D$100,4,FALSE),J35)) | R35: =O35&IF(N35<>"",IF(O35<>""," · ","")&"Con: "&N35,"") | S35: =C35&"|"&D35 | T35: =COUNTIF($S$2:S35,S35) | U35: =S35&"|"&T35 | V35: =IFERROR(VLOOKUP(IF(I35="ENFASIS",LEFT(M35,FIND("+",M35&"+")-1),J35),Direccion_Grupo!$A$2:$G$100,7,FALSE),"")
A36: 3 | B36: Arboleda Ortiz Luz América | C36: LUNES | D36: 1 | E36: 1 | F36: 1 | G36: 06:30 | H36: 07:15 | I36: ENFASIS | K36: ART | L36: D5-10° | M36: 1001 | N36: Montaño Anchico Favio Héctor (CAS); Ramírez Guerra Jimmy Eduardo (ERD); Villota Rubio Héctor Hugo (CNA) | O36: EQUIPO DE 4: cada docente atiende un grupo de estudiantes en su área | P36: ENFASIS-D5-10° | Q36: =IF(I36="ENFASIS","ÉNFASIS "&M36,IFERROR(VLOOKUP(J36,Grupos!$A$2:$D$100,4,FALSE),J36)) | R36: =O36&IF(N36<>"",IF(O36<>""," · ","")&"Con: "&N36,"") | S36: =C36&"|"&D36 | T36: =COUNTIF($S$2:S36,S36) | U36: =S36&"|"&T36 | V36: =IFERROR(VLOOKUP(IF(I36="ENFASIS",LEFT(M36,FIND("+",M36&"+")-1),J36),Direccion_Grupo!$A$2:$G$100,7,FALSE),"")
A37: 30 | B37: Montaño Anchico Favio Héctor | C37: LUNES | D37: 1 | E37: 1 | F37: 1 | G37: 06:30 | H37: 07:15 | I37: ENFASIS | K37: CAS | L37: D5-10° | M37: 1001 | N37: Arboleda Ortiz Luz América (ART); Ramírez Guerra Jimmy Eduardo (ERD); Villota Rubio Héctor Hugo (CNA) | O37: EQUIPO DE 4: cada docente atiende un grupo de estudiantes en su área | P37: ENFASIS-D5-10° | Q37: =IF(I37="ENFASIS","ÉNFASIS "&M37,IFERROR(VLOOKUP(J37,Grupos!$A$2:$D$100,4,FALSE),J37)) | R37: =O37&IF(N37<>"",IF(O37<>""," · ","")&"Con: "&N37,"") | S37: =C37&"|"&D37 | T37: =COUNTIF($S$2:S37,S37) | U37: =S37&"|"&T37 | V37: =IFERROR(VLOOKUP(IF(I37="ENFASIS",LEFT(M37,FIND("+",M37&"+")-1),J37),Direccion_Grupo!$A$2:$G$100,7,FALSE),"")
A38: 43 | B38: Ramírez Guerra Jimmy Eduardo | C38: LUNES | D38: 1 | E38: 1 | F38: 1 | G38: 06:30 | H38: 07:15 | I38: ENFASIS | K38: ERD | L38: D5-10° | M38: 1001 | N38: Arboleda Ortiz Luz América (ART); Montaño Anchico Favio Héctor (CAS); Villota Rubio Héctor Hugo (CNA) | O38: EQUIPO DE 4: cada docente atiende un grupo de estudiantes en su área | P38: ENFASIS-D5-10° | Q38: =IF(I38="ENFASIS","ÉNFASIS "&M38,IFERROR(VLOOKUP(J38,Grupos!$A$2:$D$100,4,FALSE),J38)) | R38: =O38&IF(N38<>"",IF(O38<>""," · ","")&"Con: "&N38,"") | S38: =C38&"|"&D38 | T38: =COUNTIF($S$2:S38,S38) | U38: =S38&"|"&T38 | V38: =IFERROR(VLOOKUP(IF(I38="ENFASIS",LEFT(M38,FIND("+",M38&"+")-1),J38),Direccion_Grupo!$A$2:$G$100,7,FALSE),"")
A39: 53 | B39: Villota Rubio Héctor Hugo | C39: LUNES | D39: 1 | E39: 1 | F39: 1 | G39: 06:30 | H39: 07:15 | I39: ENFASIS | K39: CNA | L39: D5-10° | M39: 1001 | N39: Arboleda Ortiz Luz América (ART); Montaño Anchico Favio Héctor (CAS); Ramírez Guerra Jimmy Eduardo (ERD) | O39: EQUIPO DE 4: cada docente atiende un grupo de estudiantes en su área | P39: ENFASIS-D5-10° | Q39: =IF(I39="ENFASIS","ÉNFASIS "&M39,IFERROR(VLOOKUP(J39,Grupos!$A$2:$D$100,4,FALSE),J39)) | R39: =O39&IF(N39<>"",IF(O39<>""," · ","")&"Con: "&N39,"") | S39: =C39&"|"&D39 | T39: =COUNTIF($S$2:S39,S39) | U39: =S39&"|"&T39 | V39: =IFERROR(VLOOKUP(IF(I39="ENFASIS",LEFT(M39,FIND("+",M39&"+")-1),J39),Direccion_Grupo!$A$2:$G$100,7,FALSE),"")
A40: 23 | B40: Landázuri Quiñones María Elia | C40: LUNES | D40: 2 | E40: 1 | F40: 2 | G40: 07:15 | H40: 08:00 | I40: AREAS_MULTIPLES | J40: 0101 | K40: ÁREAS MÚLTIPLES | O40: Maestro de aula: todas las áreas con su grupo | Q40: =IF(I40="ENFASIS","ÉNFASIS "&M40,IFERROR(VLOOKUP(J40,Grupos!$A$2:$D$100,4,FALSE),J40)) | R40: =O40&IF(N40<>"",IF(O40<>""," · ","")&"Con: "&N40,"") | S40: =C40&"|"&D40 | T40: =COUNTIF($S$2:S40,S40) | U40: =S40&"|"&T40 | V40: =IFERROR(VLOOKUP(IF(I40="ENFASIS",LEFT(M40,FIND("+",M40&"+")-1),J40),Direccion_Grupo!$A$2:$G$100,7,FALSE),"")
A41: 45 | B41: Sinisterra Ana Lucía | C41: LUNES | D41: 2 | E41: 1 | F41: 2 | G41: 07:15 | H41: 08:00 | I41: AREAS_MULTIPLES | J41: 0102 | K41: ÁREAS MÚLTIPLES | O41: Maestro de aula: todas las áreas con su grupo | Q41: =IF(I41="ENFASIS","ÉNFASIS "&M41,IFERROR(VLOOKUP(J41,Grupos!$A$2:$D$100,4,FALSE),J41)) | R41: =O41&IF(N41<>"",IF(O41<>""," · ","")&"Con: "&N41,"") | S41: =C41&"|"&D41 | T41: =COUNTIF($S$2:S41,S41) | U41: =S41&"|"&T41 | V41: =IFERROR(VLOOKUP(IF(I41="ENFASIS",LEFT(M41,FIND("+",M41&"+")-1),J41),Direccion_Grupo!$A$2:$G$100,7,FALSE),"")
A42: 13 | B42: Cortés Salazar María Ebelice | C42: LUNES | D42: 2 | E42: 1 | F42: 2 | G42: 07:15 | H42: 08:00 | I42: AREAS_MULTIPLES | J42: 0201 | K42: ÁREAS MÚLTIPLES | O42: Maestro de aula: todas las áreas con su grupo | Q42: =IF(I42="ENFASIS","ÉNFASIS "&M42,IFERROR(VLOOKUP(J42,Grupos!$A$2:$D$100,4,FALSE),J42)) | R42: =O42&IF(N42<>"",IF(O42<>""," · ","")&"Con: "&N42,"") | S42: =C42&"|"&D42 | T42: =COUNTIF($S$2:S42,S42) | U42: =S42&"|"&T42 | V42: =IFERROR(VLOOKUP(IF(I42="ENFASIS",LEFT(M42,FIND("+",M42&"+")-1),J42),Direccion_Grupo!$A$2:$G$100,7,FALSE),"")
A43: 21 | B43: Garzón Quiñones Sixta Janina | C43: LUNES | D43: 2 | E43: 1 | F43: 2 | G43: 07:15 | H43: 08:00 | I43: AREAS_MULTIPLES | J43: 0202 | K43: ÁREAS MÚLTIPLES | O43: Maestro de aula: todas las áreas con su grupo | Q43: =IF(I43="ENFASIS","ÉNFASIS "&M43,IFERROR(VLOOKUP(J43,Grupos!$A$2:$D$100,4,FALSE),J43)) | R43: =O43&IF(N43<>"",IF(O43<>""," · ","")&"Con: "&N43,"") | S43: =C43&"|"&D43 | T43: =COUNTIF($S$2:S43,S43) | U43: =S43&"|"&T43 | V43: =IFERROR(VLOOKUP(IF(I43="ENFASIS",LEFT(M43,FIND("+",M43&"+")-1),J43),Direccion_Grupo!$A$2:$G$100,7,FALSE),"")
A44: 46 | B44: Tenorio Cuero Lucy Bivian | C44: LUNES | D44: 2 | E44: 1 | F44: 2 | G44: 07:15 | H44: 08:00 | I44: AREAS_MULTIPLES | J44: 0203 | K44: ÁREAS MÚLTIPLES | O44: Maestro de aula: todas las áreas con su grupo | Q44: =IF(I44="ENFASIS","ÉNFASIS "&M44,IFERROR(VLOOKUP(J44,Grupos!$A$2:$D$100,4,FALSE),J44)) | R44: =O44&IF(N44<>"",IF(O44<>""," · ","")&"Con: "&N44,"") | S44: =C44&"|"&D44 | T44: =COUNTIF($S$2:S44,S44) | U44: =S44&"|"&T44 | V44: =IFERROR(VLOOKUP(IF(I44="ENFASIS",LEFT(M44,FIND("+",M44&"+")-1),J44),Direccion_Grupo!$A$2:$G$100,7,FALSE),"")
A45: 48 | B45: Torres Segura Encarnación | C45: LUNES | D45: 2 | E45: 1 | F45: 2 | G45: 07:15 | H45: 08:00 | I45: AREAS_MULTIPLES | J45: 0301 | K45: ÁREAS MÚLTIPLES | O45: Maestro de aula: todas las áreas con su grupo | Q45: =IF(I45="ENFASIS","ÉNFASIS "&M45,IFERROR(VLOOKUP(J45,Grupos!$A$2:$D$100,4,FALSE),J45)) | R45: =O45&IF(N45<>"",IF(O45<>""," · ","")&"Con: "&N45,"") | S45: =C45&"|"&D45 | T45: =COUNTIF($S$2:S45,S45) | U45: =S45&"|"&T45 | V45: =IFERROR(VLOOKUP(IF(I45="ENFASIS",LEFT(M45,FIND("+",M45&"+")-1),J45),Direccion_Grupo!$A$2:$G$100,7,FALSE),"")
A46: 24 | B46: Landázuri Gallón Teresa | C46: LUNES | D46: 2 | E46: 1 | F46: 2 | G46: 07:15 | H46: 08:00 | I46: AREAS_MULTIPLES | J46: 0302 | K46: ÁREAS MÚLTIPLES | O46: Maestro de aula: todas las áreas con su grupo | Q46: =IF(I46="ENFASIS","ÉNFASIS "&M46,IFERROR(VLOOKUP(J46,Grupos!$A$2:$D$100,4,FALSE),J46)) | R46: =O46&IF(N46<>"",IF(O46<>""," · ","")&"Con: "&N46,"") | S46: =C46&"|"&D46 | T46: =COUNTIF($S$2:S46,S46) | U46: =S46&"|"&T46 | V46: =IFERROR(VLOOKUP(IF(I46="ENFASIS",LEFT(M46,FIND("+",M46&"+")-1),J46),Direccion_Grupo!$A$2:$G$100,7,FALSE),"")
A47: 55 | B47: Zamora Ordóñez Celia Pastora | C47: LUNES | D47: 2 | E47: 1 | F47: 2 | G47: 07:15 | H47: 08:00 | I47: AREAS_MULTIPLES | J47: 0401 | K47: ÁREAS MÚLTIPLES | O47: Maestro de aula: todas las áreas con su grupo | Q47: =IF(I47="ENFASIS","ÉNFASIS "&M47,IFERROR(VLOOKUP(J47,Grupos!$A$2:$D$100,4,FALSE),J47)) | R47: =O47&IF(N47<>"",IF(O47<>""," · ","")&"Con: "&N47,"") | S47: =C47&"|"&D47 | T47: =COUNTIF($S$2:S47,S47) | U47: =S47&"|"&T47 | V47: =IFERROR(VLOOKUP(IF(I47="ENFASIS",LEFT(M47,FIND("+",M47&"+")-1),J47),Direccion_Grupo!$A$2:$G$100,7,FALSE),"")
A48: 33 | B48: Núñez Perlaza Elcy | C48: LUNES | D48: 2 | E48: 1 | F48: 2 | G48: 07:15 | H48: 08:00 | I48: AREAS_MULTIPLES | J48: 0402 | K48: ÁREAS MÚLTIPLES | O48: Maestro de aula: todas las áreas con su grupo | Q48: =IF(I48="ENFASIS","ÉNFASIS "&M48,IFERROR(VLOOKUP(J48,Grupos!$A$2:$D$100,4,FALSE),J48)) | R48: =O48&IF(N48<>"",IF(O48<>""," · ","")&"Con: "&N48,"") | S48: =C48&"|"&D48 | T48: =COUNTIF($S$2:S48,S48) | U48: =S48&"|"&T48 | V48: =IFERROR(VLOOKUP(IF(I48="ENFASIS",LEFT(M48,FIND("+",M48&"+")-1),J48),Direccion_Grupo!$A$2:$G$100,7,FALSE),"")
A49: 14 | B49: Cuéllar Gallo Nemesia | C49: LUNES | D49: 2 | E49: 1 | F49: 2 | G49: 07:15 | H49: 08:00 | I49: AREAS_MULTIPLES | J49: 0501 | K49: ÁREAS MÚLTIPLES | O49: Maestro de aula: todas las áreas con su grupo | Q49: =IF(I49="ENFASIS","ÉNFASIS "&M49,IFERROR(VLOOKUP(J49,Grupos!$A$2:$D$100,4,FALSE),J49)) | R49: =O49&IF(N49<>"",IF(O49<>""," · ","")&"Con: "&N49,"") | S49: =C49&"|"&D49 | T49: =COUNTIF($S$2:S49,S49) | U49: =S49&"|"&T49 | V49: =IFERROR(VLOOKUP(IF(I49="ENFASIS",LEFT(M49,FIND("+",M49&"+")-1),J49),Direccion_Grupo!$A$2:$G$100,7,FALSE),"")
A50: 11 | B50: Centeno Zúñiga Claudia Patricia | C50: LUNES | D50: 2 | E50: 1 | F50: 2 | G50: 07:15 | H50: 08:00 | I50: AREAS_MULTIPLES | J50: 0502 | K50: ÁREAS MÚLTIPLES | O50: Maestro de aula: todas las áreas con su grupo | Q50: =IF(I50="ENFASIS","ÉNFASIS "&M50,IFERROR(VLOOKUP(J50,Grupos!$A$2:$D$100,4,FALSE),J50)) | R50: =O50&IF(N50<>"",IF(O50<>""," · ","")&"Con: "&N50,"") | S50: =C50&"|"&D50 | T50: =COUNTIF($S$2:S50,S50) | U50: =S50&"|"&T50 | V50: =IFERROR(VLOOKUP(IF(I50="ENFASIS",LEFT(M50,FIND("+",M50&"+")-1),J50),Direccion_Grupo!$A$2:$G$100,7,FALSE),"")
A51: 32 | B51: Narváez Sánchez Dora Alejandra | C51: LUNES | D51: 2 | E51: 1 | F51: 2 | G51: 07:15 | H51: 08:00 | I51: AREAS_MULTIPLES | J51: 0503 | K51: ÁREAS MÚLTIPLES | O51: Maestro de aula: todas las áreas con su grupo | Q51: =IF(I51="ENFASIS","ÉNFASIS "&M51,IFERROR(VLOOKUP(J51,Grupos!$A$2:$D$100,4,FALSE),J51)) | R51: =O51&IF(N51<>"",IF(O51<>""," · ","")&"Con: "&N51,"") | S51: =C51&"|"&D51 | T51: =COUNTIF($S$2:S51,S51) | U51: =S51&"|"&T51 | V51: =IFERROR(VLOOKUP(IF(I51="ENFASIS",LEFT(M51,FIND("+",M51&"+")-1),J51),Direccion_Grupo!$A$2:$G$100,7,FALSE),"")
A52: 17 | B52: Escobar Cortés Liliana | C52: LUNES | D52: 2 | E52: 1 | F52: 2 | G52: 07:15 | H52: 08:00 | I52: AREAS_MULTIPLES | J52: 0504 | K52: ÁREAS MÚLTIPLES | O52: Maestro de aula: todas las áreas con su grupo | Q52: =IF(I52="ENFASIS","ÉNFASIS "&M52,IFERROR(VLOOKUP(J52,Grupos!$A$2:$D$100,4,FALSE),J52)) | R52: =O52&IF(N52<>"",IF(O52<>""," · ","")&"Con: "&N52,"") | S52: =C52&"|"&D52 | T52: =COUNTIF($S$2:S52,S52) | U52: =S52&"|"&T52 | V52: =IFERROR(VLOOKUP(IF(I52="ENFASIS",LEFT(M52,FIND("+",M52&"+")-1),J52),Direccion_Grupo!$A$2:$G$100,7,FALSE),"")
A53: 37 | B53: Prado Quiñones Genís Maribel | C53: LUNES | D53: 2 | E53: 1 | F53: 2 | G53: 07:15 | H53: 08:00 | I53: CLASE | J53: 0601 | K53: ART | P53: 0601-ART | Q53: =IF(I53="ENFASIS","ÉNFASIS "&M53,IFERROR(VLOOKUP(J53,Grupos!$A$2:$D$100,4,FALSE),J53)) | R53: =O53&IF(N53<>"",IF(O53<>""," · ","")&"Con: "&N53,"") | S53: =C53&"|"&D53 | T53: =COUNTIF($S$2:S53,S53) | U53: =S53&"|"&T53 | V53: =IFERROR(VLOOKUP(IF(I53="ENFASIS",LEFT(M53,FIND("+",M53&"+")-1),J53),Direccion_Grupo!$A$2:$G$100,7,FALSE),"")
A54: 26 | B54: Lozano Torres Amanda Inés | C54: LUNES | D54: 2 | E54: 1 | F54: 2 | G54: 07:15 | H54: 08:00 | I54: CLASE | J54: 0602 | K54: ETR | O54: Ética / Religión (alternan cada semana) | P54: 0602-ETR | Q54: =IF(I54="ENFASIS","ÉNFASIS "&M54,IFERROR(VLOOKUP(J54,Grupos!$A$2:$D$100,4,FALSE),J54)) | R54: =O54&IF(N54<>"",IF(O54<>""," · ","")&"Con: "&N54,"") | S54: =C54&"|"&D54 | T54: =COUNTIF($S$2:S54,S54) | U54: =S54&"|"&T54 | V54: =IFERROR(VLOOKUP(IF(I54="ENFASIS",LEFT(M54,FIND("+",M54&"+")-1),J54),Direccion_Grupo!$A$2:$G$100,7,FALSE),"")
A55: 39 | B55: Puches Ana Milena | C55: LUNES | D55: 2 | E55: 1 | F55: 2 | G55: 07:15 | H55: 08:00 | I55: CLASE | J55: 0704 | K55: ART | P55: 0704-ART | Q55: =IF(I55="ENFASIS","ÉNFASIS "&M55,IFERROR(VLOOKUP(J55,Grupos!$A$2:$D$100,4,FALSE),J55)) | R55: =O55&IF(N55<>"",IF(O55<>""," · ","")&"Con: "&N55,"") | S55: =C55&"|"&D55 | T55: =COUNTIF($S$2:S55,S55) | U55: =S55&"|"&T55 | V55: =IFERROR(VLOOKUP(IF(I55="ENFASIS",LEFT(M55,FIND("+",M55&"+")-1),J55),Direccion_Grupo!$A$2:$G$100,7,FALSE),"")
A56: 35 | B56: Ortiz Araujo Adiela Carlota | C56: LUNES | D56: 2 | E56: 1 | F56: 2 | G56: 07:15 | H56: 08:00 | I56: CLASE | J56: 0801 | K56: CSI | O56: Sociales / Inglés (alternan cada semana) | P56: 0801-CSI | Q56: =IF(I56="ENFASIS","ÉNFASIS "&M56,IFERROR(VLOOKUP(J56,Grupos!$A$2:$D$100,4,FALSE),J56)) | R56: =O56&IF(N56<>"",IF(O56<>""," · ","")&"Con: "&N56,"") | S56: =C56&"|"&D56 | T56: =COUNTIF($S$2:S56,S56) | U56: =S56&"|"&T56 | V56: =IFERROR(VLOOKUP(IF(I56="ENFASIS",LEFT(M56,FIND("+",M56&"+")-1),J56),Direccion_Grupo!$A$2:$G$100,7,FALSE),"")
A57: 15 | B57: Cuero Bamba Berte Levi | C57: LUNES | D57: 2 | E57: 1 | F57: 2 | G57: 07:15 | H57: 08:00 | I57: CLASE | J57: 0802 | K57: ERD | P57: 0802-ERD | Q57: =IF(I57="ENFASIS","ÉNFASIS "&M57,IFERROR(VLOOKUP(J57,Grupos!$A$2:$D$100,4,FALSE),J57)) | R57: =O57&IF(N57<>"",IF(O57<>""," · ","")&"Con: "&N57,"") | S57: =C57&"|"&D57 | T57: =COUNTIF($S$2:S57,S57) | U57: =S57&"|"&T57 | V57: =IFERROR(VLOOKUP(IF(I57="ENFASIS",LEFT(M57,FIND("+",M57&"+")-1),J57),Direccion_Grupo!$A$2:$G$100,7,FALSE),"")
A58: 6 | B58: Betancourth Ocampo Yohana Patricia | C58: LUNES | D58: 2 | E58: 1 | F58: 2 | G58: 07:15 | H58: 08:00 | I58: CLASE | J58: 0901 | K58: CSI | O58: Sociales / Inglés (alternan cada semana) | P58: 0901-CSI | Q58: =IF(I58="ENFASIS","ÉNFASIS "&M58,IFERROR(VLOOKUP(J58,Grupos!$A$2:$D$100,4,FALSE),J58)) | R58: =O58&IF(N58<>"",IF(O58<>""," · ","")&"Con: "&N58,"") | S58: =C58&"|"&D58 | T58: =COUNTIF($S$2:S58,S58) | U58: =S58&"|"&T58 | V58: =IFERROR(VLOOKUP(IF(I58="ENFASIS",LEFT(M58,FIND("+",M58&"+")-1),J58),Direccion_Grupo!$A$2:$G$100,7,FALSE),"")
A59: 49 | B59: Valencia Marínez Saidy Eufemia | C59: LUNES | D59: 2 | E59: 1 | F59: 2 | G59: 07:15 | H59: 08:00 | I59: CLASE | J59: 0902 | K59: ART | P59: 0902-ART | Q59: =IF(I59="ENFASIS","ÉNFASIS "&M59,IFERROR(VLOOKUP(J59,Grupos!$A$2:$D$100,4,FALSE),J59)) | R59: =O59&IF(N59<>"",IF(O59<>""," · ","")&"Con: "&N59,"") | S59: =C59&"|"&D59 | T59: =COUNTIF($S$2:S59,S59) | U59: =S59&"|"&T59 | V59: =IFERROR(VLOOKUP(IF(I59="ENFASIS",LEFT(M59,FIND("+",M59&"+")-1),J59),Direccion_Grupo!$A$2:$G$100,7,FALSE),"")
A60: 31 | B60: Montaño Arizala Leidis Claudina | C60: LUNES | D60: 2 | E60: 1 | F60: 2 | G60: 07:15 | H60: 08:00 | I60: CLASE | J60: 1002 | K60: ETR | O60: Ética / Religión (alternan cada semana) | P60: 1002-ETR | Q60: =IF(I60="ENFASIS","ÉNFASIS "&M60,IFERROR(VLOOKUP(J60,Grupos!$A$2:$D$100,4,FALSE),J60)) | R60: =O60&IF(N60<>"",IF(O60<>""," · ","")&"Con: "&N60,"") | S60: =C60&"|"&D60 | T60: =COUNTIF($S$2:S60,S60) | U60: =S60&"|"&T60 | V60: =IFERROR(VLOOKUP(IF(I60="ENFASIS",LEFT(M60,FIND("+",M60&"+")-1),J60),Direccion_Grupo!$A$2:$G$100,7,FALSE),"")
A61: 2 | B61: Angulo Lucero Andrés Mauricio | C61: LUNES | D61: 2 | E61: 1 | F61: 2 | G61: 07:15 | H61: 08:00 | I61: CLASE | J61: 1101 | K61: TEI | P61: 1101-TEI | Q61: =IF(I61="ENFASIS","ÉNFASIS "&M61,IFERROR(VLOOKUP(J61,Grupos!$A$2:$D$100,4,FALSE),J61)) | R61: =O61&IF(N61<>"",IF(O61<>""," · ","")&"Con: "&N61,"") | S61: =C61&"|"&D61 | T61: =COUNTIF($S$2:S61,S61) | U61: =S61&"|"&T61 | V61: =IFERROR(VLOOKUP(IF(I61="ENFASIS",LEFT(M61,FIND("+",M61&"+")-1),J61),Direccion_Grupo!$A$2:$G$100,7,FALSE),"")
A62: 40 | B62: Pulgarín Ortiz César Marino | C62: LUNES | D62: 2 | E62: 1 | F62: 2 | G62: 07:15 | H62: 08:00 | I62: CLASE | J62: 1102 | K62: CSI | O62: Sociales / Inglés (alternan cada semana) | P62: 1102-CSI | Q62: =IF(I62="ENFASIS","ÉNFASIS "&M62,IFERROR(VLOOKUP(J62,Grupos!$A$2:$D$100,4,FALSE),J62)) | R62: =O62&IF(N62<>"",IF(O62<>""," · ","")&"Con: "&N62,"") | S62: =C62&"|"&D62 | T62: =COUNTIF($S$2:S62,S62) | U62: =S62&"|"&T62 | V62: =IFERROR(VLOOKUP(IF(I62="ENFASIS",LEFT(M62,FIND("+",M62&"+")-1),J62),Direccion_Grupo!$A$2:$G$100,7,FALSE),"")
A63: 16 | B63: Cuero Rincón Hernando Jesús | C63: LUNES | D63: 2 | E63: 1 | F63: 2 | G63: 07:15 | H63: 08:00 | I63: CLASE | J63: CS101 | K63: CAS | P63: CS101-CAS | Q63: =IF(I63="ENFASIS","ÉNFASIS "&M63,IFERROR(VLOOKUP(J63,Grupos!$A$2:$D$100,4,FALSE),J63)) | R63: =O63&IF(N63<>"",IF(O63<>""," · ","")&"Con: "&N63,"") | S63: =C63&"|"&D63 | T63: =COUNTIF($S$2:S63,S63) | U63: =S63&"|"&T63 | V63: =IFERROR(VLOOKUP(IF(I63="ENFASIS",LEFT(M63,FIND("+",M63&"+")-1),J63),Direccion_Grupo!$A$2:$G$100,7,FALSE),"")
A64: 42 | B64: Quiñones Cabezas Marcos Vidal | C64: LUNES | D64: 2 | E64: 1 | F64: 2 | G64: 07:15 | H64: 08:00 | I64: CLASE | J64: CS102 | K64: TEI | P64: CS102-TEI | Q64: =IF(I64="ENFASIS","ÉNFASIS "&M64,IFERROR(VLOOKUP(J64,Grupos!$A$2:$D$100,4,FALSE),J64)) | R64: =O64&IF(N64<>"",IF(O64<>""," · ","")&"Con: "&N64,"") | S64: =C64&"|"&D64 | T64: =COUNTIF($S$2:S64,S64) | U64: =S64&"|"&T64 | V64: =IFERROR(VLOOKUP(IF(I64="ENFASIS",LEFT(M64,FIND("+",M64&"+")-1),J64),Direccion_Grupo!$A$2:$G$100,7,FALSE),"")
A65: 19 | B65: Fernández Vélez Alfredo Enrique | C65: LUNES | D65: 2 | E65: 1 | F65: 2 | G65: 07:15 | H65: 08:00 | I65: CLASE | J65: CS201 | K65: TEI | P65: CS201-TEI | Q65: =IF(I65="ENFASIS","ÉNFASIS "&M65,IFERROR(VLOOKUP(J65,Grupos!$A$2:$D$100,4,FALSE),J65)) | R65: =O65&IF(N65<>"",IF(O65<>""," · ","")&"Con: "&N65,"") | S65: =C65&"|"&D65 | T65: =COUNTIF($S$2:S65,S65) | U65: =S65&"|"&T65 | V65: =IFERROR(VLOOKUP(IF(I65="ENFASIS",LEFT(M65,FIND("+",M65&"+")-1),J65),Direccion_Grupo!$A$2:$G$100,7,FALSE),"")
A66: 12 | B66: Chillambo Quiñones María Rocío | C66: LUNES | D66: 2 | E66: 1 | F66: 2 | G66: 07:15 | H66: 08:00 | I66: CLASE | J66: CS202 | K66: CNA | P66: CS202-CNA | Q66: =IF(I66="ENFASIS","ÉNFASIS "&M66,IFERROR(VLOOKUP(J66,Grupos!$A$2:$D$100,4,FALSE),J66)) | R66: =O66&IF(N66<>"",IF(O66<>""," · ","")&"Con: "&N66,"") | S66: =C66&"|"&D66 | T66: =COUNTIF($S$2:S66,S66) | U66: =S66&"|"&T66 | V66: =IFERROR(VLOOKUP(IF(I66="ENFASIS",LEFT(M66,FIND("+",M66&"+")-1),J66),Direccion_Grupo!$A$2:$G$100,7,FALSE),"")
A67: 7 | B67: Casanova Casanova Johana Andrea | C67: LUNES | D67: 2 | E67: 1 | F67: 2 | G67: 07:15 | H67: 08:00 | I67: ORIENTACION | J67: ORIENT | K67: ORIENTACIÓN ESCOLAR | O67: Jornada 07:30 a 14:30 | Q67: =IF(I67="ENFASIS","ÉNFASIS "&M67,IFERROR(VLOOKUP(J67,Grupos!$A$2:$D$100,4,FALSE),J67)) | R67: =O67&IF(N67<>"",IF(O67<>""," · ","")&"Con: "&N67,"") | S67: =C67&"|"&D67 | T67: =COUNTIF($S$2:S67,S67) | U67: =S67&"|"&T67 | V67: =IFERROR(VLOOKUP(IF(I67="ENFASIS",LEFT(M67,FIND("+",M67&"+")-1),J67),Direccion_Grupo!$A$2:$G$100,7,FALSE),"")
A68: 56 | B68: Ortiz Estacio Martha Cecilia | C68: LUNES | D68: 2 | E68: 1 | F68: 2 | G68: 07:15 | H68: 08:00 | I68: TUTORIA | J68: PTAFI | K68: TUTORÍA PTAFI | O68: Jornada 06:30 a 12:00 | Q68: =IF(I68="ENFASIS","ÉNFASIS "&M68,IFERROR(VLOOKUP(J68,Grupos!$A$2:$D$100,4,FALSE),J68)) | R68: =O68&IF(N68<>"",IF(O68<>""," · ","")&"Con: "&N68,"") | S68: =C68&"|"&D68 | T68: =COUNTIF($S$2:S68,S68) | U68: =S68&"|"&T68 | V68: =IFERROR(VLOOKUP(IF(I68="ENFASIS",LEFT(M68,FIND("+",M68&"+")-1),J68),Direccion_Grupo!$A$2:$G$100,7,FALSE),"")
A69: 44 | B69: Samaniego Angulo Flor Mireya | C69: LUNES | D69: 2 | E69: 1 | F69: 2 | G69: 07:15 | H69: 08:00 | I69: ENFASIS | K69: ART | L69: 0701 | M69: 0701 | N69: Valverde Montaño María Teresa (CAS) | O69: PAREJA: comparten el énfasis y alternan por semana | P69: ENFASIS-0701 | Q69: =IF(I69="ENFASIS","ÉNFASIS "&M69,IFERROR(VLOOKUP(J69,Grupos!$A$2:$D$100,4,FALSE),J69)) | R69: =O69&IF(N69<>"",IF(O69<>""," · ","")&"Con: "&N69,"") | S69: =C69&"|"&D69 | T69: =COUNTIF($S$2:S69,S69) | U69: =S69&"|"&T69 | V69: =IFERROR(VLOOKUP(IF(I69="ENFASIS",LEFT(M69,FIND("+",M69&"+")-1),J69),Direccion_Grupo!$A$2:$G$100,7,FALSE),"")
A70: 51 | B70: Valverde Montaño María Teresa | C70: LUNES | D70: 2 | E70: 1 | F70: 2 | G70: 07:15 | H70: 08:00 | I70: ENFASIS | K70: CAS | L70: 0701 | M70: 0701 | N70: Samaniego Angulo Flor Mireya (ART) | O70: PAREJA: comparten el énfasis y alternan por semana | P70: ENFASIS-0701 | Q70: =IF(I70="ENFASIS","ÉNFASIS "&M70,IFERROR(VLOOKUP(J70,Grupos!$A$2:$D$100,4,FALSE),J70)) | R70: =O70&IF(N70<>"",IF(O70<>""," · ","")&"Con: "&N70,"") | S70: =C70&"|"&D70 | T70: =COUNTIF($S$2:S70,S70) | U70: =S70&"|"&T70 | V70: =IFERROR(VLOOKUP(IF(I70="ENFASIS",LEFT(M70,FIND("+",M70&"+")-1),J70),Direccion_Grupo!$A$2:$G$100,7,FALSE),"")
A71: 34 | B71: Ordóñez Tenorio Jaime Marcial | C71: LUNES | D71: 2 | E71: 1 | F71: 2 | G71: 07:15 | H71: 08:00 | I71: ENFASIS | K71: CNA | L71: 0702 | M71: 0702 | N71: Armero Dájome Jesús (ERD) | O71: PAREJA: comparten el énfasis y alternan por semana | P71: ENFASIS-0702 | Q71: =IF(I71="ENFASIS","ÉNFASIS "&M71,IFERROR(VLOOKUP(J71,Grupos!$A$2:$D$100,4,FALSE),J71)) | R71: =O71&IF(N71<>"",IF(O71<>""," · ","")&"Con: "&N71,"") | S71: =C71&"|"&D71 | T71: =COUNTIF($S$2:S71,S71) | U71: =S71&"|"&T71 | V71: =IFERROR(VLOOKUP(IF(I71="ENFASIS",LEFT(M71,FIND("+",M71&"+")-1),J71),Direccion_Grupo!$A$2:$G$100,7,FALSE),"")
A72: 4 | B72: Arizala Castro Roberto Carlos | C72: LUNES | D72: 2 | E72: 1 | F72: 2 | G72: 07:15 | H72: 08:00 | I72: ENFASIS | K72: ERD | L72: 0702 | M72: 0702 | N72: Ordóñez Tenorio Jaime Marcial (CNA) | O72: PAREJA: comparten el énfasis y alternan por semana | P72: ENFASIS-0702 | Q72: =IF(I72="ENFASIS","ÉNFASIS "&M72,IFERROR(VLOOKUP(J72,Grupos!$A$2:$D$100,4,FALSE),J72)) | R72: =O72&IF(N72<>"",IF(O72<>""," · ","")&"Con: "&N72,"") | S72: =C72&"|"&D72 | T72: =COUNTIF($S$2:S72,S72) | U72: =S72&"|"&T72 | V72: =IFERROR(VLOOKUP(IF(I72="ENFASIS",LEFT(M72,FIND("+",M72&"+")-1),J72),Direccion_Grupo!$A$2:$G$100,7,FALSE),"")
A73: 8 | B73: Casanova Quiñones Yoli del Carmen | C73: LUNES | D73: 2 | E73: 1 | F73: 2 | G73: 07:15 | H73: 08:00 | I73: ENFASIS | K73: ETR | L73: 0703 | M73: 0703 | N73: Quintero Ramírez María del Carmen (CSI) | O73: PAREJA: comparten el énfasis y alternan por semana | P73: ENFASIS-0703 | Q73: =IF(I73="ENFASIS","ÉNFASIS "&M73,IFERROR(VLOOKUP(J73,Grupos!$A$2:$D$100,4,FALSE),J73)) | R73: =O73&IF(N73<>"",IF(O73<>""," · ","")&"Con: "&N73,"") | S73: =C73&"|"&D73 | T73: =COUNTIF($S$2:S73,S73) | U73: =S73&"|"&T73 | V73: =IFERROR(VLOOKUP(IF(I73="ENFASIS",LEFT(M73,FIND("+",M73&"+")-1),J73),Direccion_Grupo!$A$2:$G$100,7,FALSE),"")
A74: 41 | B74: Quintero Ramírez María del Carmen | C74: LUNES | D74: 2 | E74: 1 | F74: 2 | G74: 07:15 | H74: 08:00 | I74: ENFASIS | K74: CSI | L74: 0703 | M74: 0703 | N74: Casanova Quiñones Yoli del Carmen (ETR) | O74: PAREJA: comparten el énfasis y alternan por semana | P74: ENFASIS-0703 | Q74: =IF(I74="ENFASIS","ÉNFASIS "&M74,IFERROR(VLOOKUP(J74,Grupos!$A$2:$D$100,4,FALSE),J74)) | R74: =O74&IF(N74<>"",IF(O74<>""," · ","")&"Con: "&N74,"") | S74: =C74&"|"&D74 | T74: =COUNTIF($S$2:S74,S74) | U74: =S74&"|"&T74 | V74: =IFERROR(VLOOKUP(IF(I74="ENFASIS",LEFT(M74,FIND("+",M74&"+")-1),J74),Direccion_Grupo!$A$2:$G$100,7,FALSE),"")
A75: 3 | B75: Arboleda Ortiz Luz América | C75: LUNES | D75: 2 | E75: 1 | F75: 2 | G75: 07:15 | H75: 08:00 | I75: ENFASIS | K75: ART | L75: D5-10° | M75: 1001 | N75: Montaño Anchico Favio Héctor (CAS); Ramírez Guerra Jimmy Eduardo (ERD); Villota Rubio Héctor Hugo (CNA) | O75: EQUIPO DE 4: cada docente atiende un grupo de estudiantes en su área | P75: ENFASIS-D5-10° | Q75: =IF(I75="ENFASIS","ÉNFASIS "&M75,IFERROR(VLOOKUP(J75,Grupos!$A$2:$D$100,4,FALSE),J75)) | R75: =O75&IF(N75<>"",IF(O75<>""," · ","")&"Con: "&N75,"") | S75: =C75&"|"&D75 | T75: =COUNTIF($S$2:S75,S75) | U75: =S75&"|"&T75 | V75: =IFERROR(VLOOKUP(IF(I75="ENFASIS",LEFT(M75,FIND("+",M75&"+")-1),J75),Direccion_Grupo!$A$2:$G$100,7,FALSE),"")
A76: 30 | B76: Montaño Anchico Favio Héctor | C76: LUNES | D76: 2 | E76: 1 | F76: 2 | G76: 07:15 | H76: 08:00 | I76: ENFASIS | K76: CAS | L76: D5-10° | M76: 1001 | N76: Arboleda Ortiz Luz América (ART); Ramírez Guerra Jimmy Eduardo (ERD); Villota Rubio Héctor Hugo (CNA) | O76: EQUIPO DE 4: cada docente atiende un grupo de estudiantes en su área | P76: ENFASIS-D5-10° | Q76: =IF(I76="ENFASIS","ÉNFASIS "&M76,IFERROR(VLOOKUP(J76,Grupos!$A$2:$D$100,4,FALSE),J76)) | R76: =O76&IF(N76<>"",IF(O76<>""," · ","")&"Con: "&N76,"") | S76: =C76&"|"&D76 | T76: =COUNTIF($S$2:S76,S76) | U76: =S76&"|"&T76 | V76: =IFERROR(VLOOKUP(IF(I76="ENFASIS",LEFT(M76,FIND("+",M76&"+")-1),J76),Direccion_Grupo!$A$2:$G$100,7,FALSE),"")
A77: 43 | B77: Ramírez Guerra Jimmy Eduardo | C77: LUNES | D77: 2 | E77: 1 | F77: 2 | G77: 07:15 | H77: 08:00 | I77: ENFASIS | K77: ERD | L77: D5-10° | M77: 1001 | N77: Arboleda Ortiz Luz América (ART); Montaño Anchico Favio Héctor (CAS); Villota Rubio Héctor Hugo (CNA) | O77: EQUIPO DE 4: cada docente atiende un grupo de estudiantes en su área | P77: ENFASIS-D5-10° | Q77: =IF(I77="ENFASIS","ÉNFASIS "&M77,IFERROR(VLOOKUP(J77,Grupos!$A$2:$D$100,4,FALSE),J77)) | R77: =O77&IF(N77<>"",IF(O77<>""," · ","")&"Con: "&N77,"") | S77: =C77&"|"&D77 | T77: =COUNTIF($S$2:S77,S77) | U77: =S77&"|"&T77 | V77: =IFERROR(VLOOKUP(IF(I77="ENFASIS",LEFT(M77,FIND("+",M77&"+")-1),J77),Direccion_Grupo!$A$2:$G$100,7,FALSE),"")
A78: 53 | B78: Villota Rubio Héctor Hugo | C78: LUNES | D78: 2 | E78: 1 | F78: 2 | G78: 07:15 | H78: 08:00 | I78: ENFASIS | K78: CNA | L78: D5-10° | M78: 1001 | N78: Arboleda Ortiz Luz América (ART); Montaño Anchico Favio Héctor (CAS); Ramírez Guerra Jimmy Eduardo (ERD) | O78: EQUIPO DE 4: cada docente atiende un grupo de estudiantes en su área | P78: ENFASIS-D5-10° | Q78: =IF(I78="ENFASIS","ÉNFASIS "&M78,IFERROR(VLOOKUP(J78,Grupos!$A$2:$D$100,4,FALSE),J78)) | R78: =O78&IF(N78<>"",IF(O78<>""," · ","")&"Con: "&N78,"") | S78: =C78&"|"&D78 | T78: =COUNTIF($S$2:S78,S78) | U78: =S78&"|"&T78 | V78: =IFERROR(VLOOKUP(IF(I78="ENFASIS",LEFT(M78,FIND("+",M78&"+")-1),J78),Direccion_Grupo!$A$2:$G$100,7,FALSE),"")
A79: 50 | B79: Valencia Solís Gloria Alexa | C79: LUNES | D79: 3 | E79: 2 | F79: 1 | G79: 07:30 | H79: 08:30 | I79: AREAS_MULTIPLES | J79: 0001 | K79: ÁREAS MÚLTIPLES | O79: Maestro de aula: todas las áreas con su grupo | Q79: =IF(I79="ENFASIS","ÉNFASIS "&M79,IFERROR(VLOOKUP(J79,Grupos!$A$2:$D$100,4,FALSE),J79)) | R79: =O79&IF(N79<>"",IF(O79<>""," · ","")&"Con: "&N79,"") | S79: =C79&"|"&D79 | T79: =COUNTIF($S$2:S79,S79) | U79: =S79&"|"&T79 | V79: =IFERROR(VLOOKUP(IF(I79="ENFASIS",LEFT(M79,FIND("+",M79&"+")-1),J79),Direccion_Grupo!$A$2:$G$100,7,FALSE),"")
A80: 27 | B80: Martínez Álvarez Andrea Ascención | C80: LUNES | D80: 3 | E80: 2 | F80: 1 | G80: 07:30 | H80: 08:30 | I80: AREAS_MULTIPLES | J80: 0002 | K80: ÁREAS MÚLTIPLES | O80: Maestro de aula: todas las áreas con su grupo | Q80: =IF(I80="ENFASIS","ÉNFASIS "&M80,IFERROR(VLOOKUP(J80,Grupos!$A$2:$D$100,4,FALSE),J80)) | R80: =O80&IF(N80<>"",IF(O80<>""," · ","")&"Con: "&N80,"") | S80: =C80&"|"&D80 | T80: =COUNTIF($S$2:S80,S80) | U80: =S80&"|"&T80 | V80: =IFERROR(VLOOKUP(IF(I80="ENFASIS",LEFT(M80,FIND("+",M80&"+")-1),J80),Direccion_Grupo!$A$2:$G$100,7,FALSE),"")
A81: 23 | B81: Landázuri Quiñones María Elia | C81: LUNES | D81: 3 | E81: 2 | F81: 1 | G81: 08:20 | H81: 09:05 | I81: AREAS_MULTIPLES | J81: 0101 | K81: ÁREAS MÚLTIPLES | O81: Maestro de aula: todas las áreas con su grupo | Q81: =IF(I81="ENFASIS","ÉNFASIS "&M81,IFERROR(VLOOKUP(J81,Grupos!$A$2:$D$100,4,FALSE),J81)) | R81: =O81&IF(N81<>"",IF(O81<>""," · ","")&"Con: "&N81,"") | S81: =C81&"|"&D81 | T81: =COUNTIF($S$2:S81,S81) | U81: =S81&"|"&T81 | V81: =IFERROR(VLOOKUP(IF(I81="ENFASIS",LEFT(M81,FIND("+",M81&"+")-1),J81),Direccion_Grupo!$A$2:$G$100,7,FALSE),"")
A82: 45 | B82: Sinisterra Ana Lucía | C82: LUNES | D82: 3 | E82: 2 | F82: 1 | G82: 08:20 | H82: 09:05 | I82: AREAS_MULTIPLES | J82: 0102 | K82: ÁREAS MÚLTIPLES | O82: Maestro de aula: todas las áreas con su grupo | Q82: =IF(I82="ENFASIS","ÉNFASIS "&M82,IFERROR(VLOOKUP(J82,Grupos!$A$2:$D$100,4,FALSE),J82)) | R82: =O82&IF(N82<>"",IF(O82<>""," · ","")&"Con: "&N82,"") | S82: =C82&"|"&D82 | T82: =COUNTIF($S$2:S82,S82) | U82: =S82&"|"&T82 | V82: =IFERROR(VLOOKUP(IF(I82="ENFASIS",LEFT(M82,FIND("+",M82&"+")-1),J82),Direccion_Grupo!$A$2:$G$100,7,FALSE),"")
A83: 13 | B83: Cortés Salazar María Ebelice | C83: LUNES | D83: 3 | E83: 2 | F83: 1 | G83: 08:20 | H83: 09:05 | I83: AREAS_MULTIPLES | J83: 0201 | K83: ÁREAS MÚLTIPLES | O83: Maestro de aula: todas las áreas con su grupo | Q83: =IF(I83="ENFASIS","ÉNFASIS "&M83,IFERROR(VLOOKUP(J83,Grupos!$A$2:$D$100,4,FALSE),J83)) | R83: =O83&IF(N83<>"",IF(O83<>""," · ","")&"Con: "&N83,"") | S83: =C83&"|"&D83 | T83: =COUNTIF($S$2:S83,S83) | U83: =S83&"|"&T83 | V83: =IFERROR(VLOOKUP(IF(I83="ENFASIS",LEFT(M83,FIND("+",M83&"+")-1),J83),Direccion_Grupo!$A$2:$G$100,7,FALSE),"")
A84: 21 | B84: Garzón Quiñones Sixta Janina | C84: LUNES | D84: 3 | E84: 2 | F84: 1 | G84: 08:20 | H84: 09:05 | I84: AREAS_MULTIPLES | J84: 0202 | K84: ÁREAS MÚLTIPLES | O84: Maestro de aula: todas las áreas con su grupo | Q84: =IF(I84="ENFASIS","ÉNFASIS "&M84,IFERROR(VLOOKUP(J84,Grupos!$A$2:$D$100,4,FALSE),J84)) | R84: =O84&IF(N84<>"",IF(O84<>""," · ","")&"Con: "&N84,"") | S84: =C84&"|"&D84 | T84: =COUNTIF($S$2:S84,S84) | U84: =S84&"|"&T84 | V84: =IFERROR(VLOOKUP(IF(I84="ENFASIS",LEFT(M84,FIND("+",M84&"+")-1),J84),Direccion_Grupo!$A$2:$G$100,7,FALSE),"")
A85: 46 | B85: Tenorio Cuero Lucy Bivian | C85: LUNES | D85: 3 | E85: 2 | F85: 1 | G85: 08:20 | H85: 09:05 | I85: AREAS_MULTIPLES | J85: 0203 | K85: ÁREAS MÚLTIPLES | O85: Maestro de aula: todas las áreas con su grupo | Q85: =IF(I85="ENFASIS","ÉNFASIS "&M85,IFERROR(VLOOKUP(J85,Grupos!$A$2:$D$100,4,FALSE),J85)) | R85: =O85&IF(N85<>"",IF(O85<>""," · ","")&"Con: "&N85,"") | S85: =C85&"|"&D85 | T85: =COUNTIF($S$2:S85,S85) | U85: =S85&"|"&T85 | V85: =IFERROR(VLOOKUP(IF(I85="ENFASIS",LEFT(M85,FIND("+",M85&"+")-1),J85),Direccion_Grupo!$A$2:$G$100,7,FALSE),"")
A86: 48 | B86: Torres Segura Encarnación | C86: LUNES | D86: 3 | E86: 2 | F86: 1 | G86: 08:20 | H86: 09:05 | I86: AREAS_MULTIPLES | J86: 0301 | K86: ÁREAS MÚLTIPLES | O86: Maestro de aula: todas las áreas con su grupo | Q86: =IF(I86="ENFASIS","ÉNFASIS "&M86,IFERROR(VLOOKUP(J86,Grupos!$A$2:$D$100,4,FALSE),J86)) | R86: =O86&IF(N86<>"",IF(O86<>""," · ","")&"Con: "&N86,"") | S86: =C86&"|"&D86 | T86: =COUNTIF($S$2:S86,S86) | U86: =S86&"|"&T86 | V86: =IFERROR(VLOOKUP(IF(I86="ENFASIS",LEFT(M86,FIND("+",M86&"+")-1),J86),Direccion_Grupo!$A$2:$G$100,7,FALSE),"")
A87: 24 | B87: Landázuri Gallón Teresa | C87: LUNES | D87: 3 | E87: 2 | F87: 1 | G87: 08:20 | H87: 09:05 | I87: AREAS_MULTIPLES | J87: 0302 | K87: ÁREAS MÚLTIPLES | O87: Maestro de aula: todas las áreas con su grupo | Q87: =IF(I87="ENFASIS","ÉNFASIS "&M87,IFERROR(VLOOKUP(J87,Grupos!$A$2:$D$100,4,FALSE),J87)) | R87: =O87&IF(N87<>"",IF(O87<>""," · ","")&"Con: "&N87,"") | S87: =C87&"|"&D87 | T87: =COUNTIF($S$2:S87,S87) | U87: =S87&"|"&T87 | V87: =IFERROR(VLOOKUP(IF(I87="ENFASIS",LEFT(M87,FIND("+",M87&"+")-1),J87),Direccion_Grupo!$A$2:$G$100,7,FALSE),"")
A88: 55 | B88: Zamora Ordóñez Celia Pastora | C88: LUNES | D88: 3 | E88: 2 | F88: 1 | G88: 08:20 | H88: 09:05 | I88: AREAS_MULTIPLES | J88: 0401 | K88: ÁREAS MÚLTIPLES | O88: Maestro de aula: todas las áreas con su grupo | Q88: =IF(I88="ENFASIS","ÉNFASIS "&M88,IFERROR(VLOOKUP(J88,Grupos!$A$2:$D$100,4,FALSE),J88)) | R88: =O88&IF(N88<>"",IF(O88<>""," · ","")&"Con: "&N88,"") | S88: =C88&"|"&D88 | T88: =COUNTIF($S$2:S88,S88) | U88: =S88&"|"&T88 | V88: =IFERROR(VLOOKUP(IF(I88="ENFASIS",LEFT(M88,FIND("+",M88&"+")-1),J88),Direccion_Grupo!$A$2:$G$100,7,FALSE),"")
A89: 33 | B89: Núñez Perlaza Elcy | C89: LUNES | D89: 3 | E89: 2 | F89: 1 | G89: 08:20 | H89: 09:05 | I89: AREAS_MULTIPLES | J89: 0402 | K89: ÁREAS MÚLTIPLES | O89: Maestro de aula: todas las áreas con su grupo | Q89: =IF(I89="ENFASIS","ÉNFASIS "&M89,IFERROR(VLOOKUP(J89,Grupos!$A$2:$D$100,4,FALSE),J89)) | R89: =O89&IF(N89<>"",IF(O89<>""," · ","")&"Con: "&N89,"") | S89: =C89&"|"&D89 | T89: =COUNTIF($S$2:S89,S89) | U89: =S89&"|"&T89 | V89: =IFERROR(VLOOKUP(IF(I89="ENFASIS",LEFT(M89,FIND("+",M89&"+")-1),J89),Direccion_Grupo!$A$2:$G$100,7,FALSE),"")
A90: 14 | B90: Cuéllar Gallo Nemesia | C90: LUNES | D90: 3 | E90: 2 | F90: 1 | G90: 08:20 | H90: 09:05 | I90: AREAS_MULTIPLES | J90: 0501 | K90: ÁREAS MÚLTIPLES | O90: Maestro de aula: todas las áreas con su grupo | Q90: =IF(I90="ENFASIS","ÉNFASIS "&M90,IFERROR(VLOOKUP(J90,Grupos!$A$2:$D$100,4,FALSE),J90)) | R90: =O90&IF(N90<>"",IF(O90<>""," · ","")&"Con: "&N90,"") | S90: =C90&"|"&D90 | T90: =COUNTIF($S$2:S90,S90) | U90: =S90&"|"&T90 | V90: =IFERROR(VLOOKUP(IF(I90="ENFASIS",LEFT(M90,FIND("+",M90&"+")-1),J90),Direccion_Grupo!$A$2:$G$100,7,FALSE),"")
... A93: 17 | B93: Escobar Cortés Liliana | C93: LUNES | D93: 3 | E93: 2 | F93: 1 | G93: 08:20 | H93: 09:05 | I93: AREAS_MULTIPLES | J93: 0504 | K93: ÁREAS MÚLTIPLES | O93: Maestro de aula: todas las áreas con su grupo | Q93: =IF(I93="ENFASIS","ÉNFASIS "&M93,IFERROR(VLOOKUP(J93,Grupos!$A$2:$D$100,4,FALSE),J93)) | R93: =O93&IF(N93<>"",IF(O93<>""," · ","")&"Con: "&N93,"") | S93: =C93&"|"&D93 | T93: =COUNTIF($S$2:S93,S93) | U93: =S93&"|"&T93 | V93: =IFERROR(VLOOKUP(IF(I93="ENFASIS",LEFT(M93,FIND("+",M93&"+")-1),J93),Direccion_Grupo!$A$2:$G$100,7,FALSE),"")
A94: 16 | B94: Cuero Rincón Hernando Jesús | C94: LUNES | D94: 3 | E94: 2 | F94: 1 | G94: 08:20 | H94: 09:05 | I94: CLASE | J94: 0601 | K94: CAS | P94: 0601-CAS | Q94: =IF(I94="ENFASIS","ÉNFASIS "&M94,IFERROR(VLOOKUP(J94,Grupos!$A$2:$D$100,4,FALSE),J94)) | R94: =O94&IF(N94<>"",IF(O94<>""," · ","")&"Con: "&N94,"") | S94: =C94&"|"&D94 | T94: =COUNTIF($S$2:S94,S94) | U94: =S94&"|"&T94 | V94: =IFERROR(VLOOKUP(IF(I94="ENFASIS",LEFT(M94,FIND("+",M94&"+")-1),J94),Direccion_Grupo!$A$2:$G$100,7,FALSE),"")
A95: 37 | B95: Prado Quiñones Genís Maribel | C95: LUNES | D95: 3 | E95: 2 | F95: 1 | G95: 08:20 | H95: 09:05 | I95: CLASE | J95: 0602 | K95: ART | P95: 0602-ART | Q95: =IF(I95="ENFASIS","ÉNFASIS "&M95,IFERROR(VLOOKUP(J95,Grupos!$A$2:$D$100,4,FALSE),J95)) | R95: =O95&IF(N95<>"",IF(O95<>""," · ","")&"Con: "&N95,"") | S95: =C95&"|"&D95 | T95: =COUNTIF($S$2:S95,S95) | U95: =S95&"|"&T95 | V95: =IFERROR(VLOOKUP(IF(I95="ENFASIS",LEFT(M95,FIND("+",M95&"+")-1),J95),Direccion_Grupo!$A$2:$G$100,7,FALSE),"")
A96: 52 | B96: Vásquez Valencia Segundo Leoncio | C96: LUNES | D96: 3 | E96: 2 | F96: 1 | G96: 08:20 | H96: 09:05 | I96: CLASE | J96: 0701 | K96: MAT | P96: 0701-MAT | Q96: =IF(I96="ENFASIS","ÉNFASIS "&M96,IFERROR(VLOOKUP(J96,Grupos!$A$2:$D$100,4,FALSE),J96)) | R96: =O96&IF(N96<>"",IF(O96<>""," · ","")&"Con: "&N96,"") | S96: =C96&"|"&D96 | T96: =COUNTIF($S$2:S96,S96) | U96: =S96&"|"&T96 | V96: =IFERROR(VLOOKUP(IF(I96="ENFASIS",LEFT(M96,FIND("+",M96&"+")-1),J96),Direccion_Grupo!$A$2:$G$100,7,FALSE),"")
A97: 4 | B97: Arizala Castro Roberto Carlos | C97: LUNES | D97: 3 | E97: 2 | F97: 1 | G97: 08:20 | H97: 09:05 | I97: CLASE | J97: 0702 | K97: ERD | P97: 0702-ERD | Q97: =IF(I97="ENFASIS","ÉNFASIS "&M97,IFERROR(VLOOKUP(J97,Grupos!$A$2:$D$100,4,FALSE),J97)) | R97: =O97&IF(N97<>"",IF(O97<>""," · ","")&"Con: "&N97,"") | S97: =C97&"|"&D97 | T97: =COUNTIF($S$2:S97,S97) | U97: =S97&"|"&T97 | V97: =IFERROR(VLOOKUP(IF(I97="ENFASIS",LEFT(M97,FIND("+",M97&"+")-1),J97),Direccion_Grupo!$A$2:$G$100,7,FALSE),"")
A98: 34 | B98: Ordóñez Tenorio Jaime Marcial | C98: LUNES | D98: 3 | E98: 2 | F98: 1 | G98: 08:20 | H98: 09:05 | I98: CLASE | J98: 0703 | K98: CNA | P98: 0703-CNA | Q98: =IF(I98="ENFASIS","ÉNFASIS "&M98,IFERROR(VLOOKUP(J98,Grupos!$A$2:$D$100,4,FALSE),J98)) | R98: =O98&IF(N98<>"",IF(O98<>""," · ","")&"Con: "&N98,"") | S98: =C98&"|"&D98 | T98: =COUNTIF($S$2:S98,S98) | U98: =S98&"|"&T98 | V98: =IFERROR(VLOOKUP(IF(I98="ENFASIS",LEFT(M98,FIND("+",M98&"+")-1),J98),Direccion_Grupo!$A$2:$G$100,7,FALSE),"")
A99: 8 | B99: Casanova Quiñones Yoli del Carmen | C99: LUNES | D99: 3 | E99: 2 | F99: 1 | G99: 08:20 | H99: 09:05 | I99: CLASE | J99: 0704 | K99: ETR | O99: Ética / Religión (alternan cada semana) | P99: 0704-ETR | Q99: =IF(I99="ENFASIS","ÉNFASIS "&M99,IFERROR(VLOOKUP(J99,Grupos!$A$2:$D$100,4,FALSE),J99)) | R99: =O99&IF(N99<>"",IF(O99<>""," · ","")&"Con: "&N99,"") | S99: =C99&"|"&D99 | T99: =COUNTIF($S$2:S99,S99) | U99: =S99&"|"&T99 | V99: =IFERROR(VLOOKUP(IF(I99="ENFASIS",LEFT(M99,FIND("+",M99&"+")-1),J99),Direccion_Grupo!$A$2:$G$100,7,FALSE),"")
A100: 19 | B100: Fernández Vélez Alfredo Enrique | C100: LUNES | D100: 3 | E100: 2 | F100: 1 | G100: 08:20 | H100: 09:05 | I100: CLASE | J100: 0801 | K100: TEI | P100: 0801-TEI | Q100: =IF(I100="ENFASIS","ÉNFASIS "&M100,IFERROR(VLOOKUP(J100,Grupos!$A$2:$D$100,4,FALSE),J100)) | R100: =O100&IF(N100<>"",IF(O100<>""," · ","")&"Con: "&N100,"") | S100: =C100&"|"&D100 | T100: =COUNTIF($S$2:S100,S100) | U100: =S100&"|"&T100 | V100: =IFERROR(VLOOKUP(IF(I100="ENFASIS",LEFT(M100,FIND("+",M100&"+")-1),J100),Direccion_Grupo!$A$2:$G$100,7,FALSE),"")
A101: 51 | B101: Valverde Montaño María Teresa | C101: LUNES | D101: 3 | E101: 2 | F101: 1 | G101: 08:20 | H101: 09:05 | I101: CLASE | J101: 0802 | K101: CAS | P101: 0802-CAS | Q101: =IF(I101="ENFASIS","ÉNFASIS "&M101,IFERROR(VLOOKUP(J101,Grupos!$A$2:$D$100,4,FALSE),J101)) | R101: =O101&IF(N101<>"",IF(O101<>""," · ","")&"Con: "&N101,"") | S101: =C101&"|"&D101 | T101: =COUNTIF($S$2:S101,S101) | U101: =S101&"|"&T101 | V101: =IFERROR(VLOOKUP(IF(I101="ENFASIS",LEFT(M101,FIND("+",M101&"+")-1),J101),Direccion_Grupo!$A$2:$G$100,7,FALSE),"")
A102: 29 | B102: Mindineros Satizábal John Jáver | C102: LUNES | D102: 3 | E102: 2 | F102: 1 | G102: 08:20 | H102: 09:05 | I102: CLASE | J102: 0902 | K102: TEI | P102: 0902-TEI | Q102: =IF(I102="ENFASIS","ÉNFASIS "&M102,IFERROR(VLOOKUP(J102,Grupos!$A$2:$D$100,4,FALSE),J102)) | R102: =O102&IF(N102<>"",IF(O102<>""," · ","")&"Con: "&N102,"") | S102: =C102&"|"&D102 | T102: =COUNTIF($S$2:S102,S102) | U102: =S102&"|"&T102 | V102: =IFERROR(VLOOKUP(IF(I102="ENFASIS",LEFT(M102,FIND("+",M102&"+")-1),J102),Direccion_Grupo!$A$2:$G$100,7,FALSE),"")
...

Sheet Matriz_Grupos
A1: día | B1: sesión | C1: franja | D1: 0°-1 | E1: 0°-2 | F1: 1°-1 | G1: 1°-2 | H1: 2°-1 | I1: 2°-2 | J1: 2°-3 | K1: 3°-1 | L1: 3°-2 | M1: 4°-1 | N1: 4°-2 | O1: 5°-1 | P1: 5°-2 | Q1: 5°-3 | R1: 5°-4 | S1: 6°-1 | T1: 6°-2 | U1: CS 1-1 | V1: CS 1-2 | W1: 7°-1 | X1: 7°-2 | Y1: 7°-3 | Z1: 7°-4 | AA1: 8°-1 | AB1: 8°-2 | AC1: 9°-1 | AD1: 9°-2 | AE1: CS 2-1 | AF1: CS 2-2 | AG1: 10°-1 | AH1: 10°-2 | AI1: 11°-1 | AJ1: 11°-2 | AK1: Orientación escolar (todos los niveles) | AL1: Tutora PTAFI (preescolar y primaria)
A2: LUNES | B2: 1 | C2: 06:30-07:15 | F2: Landázuri M. (ÁREAS MÚLTIPLES) | G2: Sinisterra A. (ÁREAS MÚLTIPLES) | H2: Cortés M. (ÁREAS MÚLTIPLES) | I2: Garzón S. (ÁREAS MÚLTIPLES) | J2: Tenorio L. (ÁREAS MÚLTIPLES) | K2: Torres E. (ÁREAS MÚLTIPLES) | L2: Landázuri T. (ÁREAS MÚLTIPLES) | M2: Zamora C. (ÁREAS MÚLTIPLES) | N2: Núñez E. (ÁREAS MÚLTIPLES) | O2: Cuéllar N. (ÁREAS MÚLTIPLES) | P2: Centeno C. (ÁREAS MÚLTIPLES) | Q2: Narváez D. (ÁREAS MÚLTIPLES) | R2: Escobar L. (ÁREAS MÚLTIPLES) | S2: Prado G. (ART) | T2: Lozano A. (ETR) | U2: Cuero H. (CAS) | V2: Quiñones M. (TEI) | W2: ÉNFASIS: Samaniego F. (ART) / Valverde M. (CAS) | X2: ÉNFASIS: Ordóñez J. (CNA) / Arizala R. (ERD) | Y2: ÉNFASIS: Casanova Y. (ETR) / Quintero M. (CSI) | Z2: Puches A. (ART) | AA2: Ortiz A. (CSI) | AB2: Cuero B. (ERD) | AC2: Betancourth Y. (CSI) | AD2: Valencia S. (ART) | AE2: Fernández A. (TEI) | AF2: Chillambo M. (CNA) | AG2: ÉNFASIS: Arboleda L. (ART) / Montaño F. (CAS) / Ramírez J. (ERD) / Villota H. (CNA) | AH2: Montaño L. (ETR) | AI2: Angulo A. (TEI) | AJ2: Pulgarín C. (CSI) | AL2: Ortiz M. (TUTORÍA PTAFI)
A3: LUNES | B3: 2 | C3: 07:15-08:00 | F3: Landázuri M. (ÁREAS MÚLTIPLES) | G3: Sinisterra A. (ÁREAS MÚLTIPLES) | H3: Cortés M. (ÁREAS MÚLTIPLES) | I3: Garzón S. (ÁREAS MÚLTIPLES) | J3: Tenorio L. (ÁREAS MÚLTIPLES) | K3: Torres E. (ÁREAS MÚLTIPLES) | L3: Landázuri T. (ÁREAS MÚLTIPLES) | M3: Zamora C. (ÁREAS MÚLTIPLES) | N3: Núñez E. (ÁREAS MÚLTIPLES) | O3: Cuéllar N. (ÁREAS MÚLTIPLES) | P3: Centeno C. (ÁREAS MÚLTIPLES) | Q3: Narváez D. (ÁREAS MÚLTIPLES) | R3: Escobar L. (ÁREAS MÚLTIPLES) | S3: Prado G. (ART) | T3: Lozano A. (ETR) | U3: Cuero H. (CAS) | V3: Quiñones M. (TEI) | W3: ÉNFASIS: Samaniego F. (ART) / Valverde M. (CAS) | X3: ÉNFASIS: Ordóñez J. (CNA) / Arizala R. (ERD) | Y3: ÉNFASIS: Casanova Y. (ETR) / Quintero M. (CSI) | Z3: Puches A. (ART) | AA3: Ortiz A. (CSI) | AB3: Cuero B. (ERD) | AC3: Betancourth Y. (CSI) | AD3: Valencia S. (ART) | AE3: Fernández A. (TEI) | AF3: Chillambo M. (CNA) | AG3: ÉNFASIS: Arboleda L. (ART) / Montaño F. (CAS) / Ramírez J. (ERD) / Villota H. (CNA) | AH3: Montaño L. (ETR) | AI3: Angulo A. (TEI) | AJ3: Pulgarín C. (CSI) | AK3: Casanova J. (ORIENTACIÓN ESCOLAR) | AL3: Ortiz M. (TUTORÍA PTAFI)
A4: LUNES | B4: 3 | C4: 08:20-09:05 | D4: Valencia G. (ÁREAS MÚLTIPLES) | E4: Martínez A. (ÁREAS MÚLTIPLES) | F4: Landázuri M. (ÁREAS MÚLTIPLES) | G4: Sinisterra A. (ÁREAS MÚLTIPLES) | H4: Cortés M. (ÁREAS MÚLTIPLES) | I4: Garzón S. (ÁREAS MÚLTIPLES) | J4: Tenorio L. (ÁREAS MÚLTIPLES) | K4: Torres E. (ÁREAS MÚLTIPLES) | L4: Landázuri T. (ÁREAS MÚLTIPLES) | M4: Zamora C. (ÁREAS MÚLTIPLES) | N4: Núñez E. (ÁREAS MÚLTIPLES) | O4: Cuéllar N. (ÁREAS MÚLTIPLES) | P4: Centeno C. (ÁREAS MÚLTIPLES) | Q4: Narváez D. (ÁREAS MÚLTIPLES) | R4: Escobar L. (ÁREAS MÚLTIPLES) | S4: Cuero H. (CAS) | T4: Prado G. (ART) | U4: Lozano A. (ETR) | V4: Armero J. (ERD) | W4: Vásquez S. (MAT) | X4: Arizala R. (ERD) | Y4: Ordóñez J. (CNA) | Z4: Casanova Y. (ETR) | AA4: Fernández A. (TEI) | AB4: Valverde M. (CAS) | AC4: ÉNFASIS: González J. (ERD) / Lemos M. (CNA) / Meza G. (CAS) / Valencia S. (ART) | AD4: Mindineros J. (TEI) | AE4: Samaniego F. (ART) | AF4: Preciado O. (MAT) | AG4: Betancourth Y. (CSI) | AH4: Arboleda L. (ART) | AI4: Villota H. (CNA) | AJ4: ÉNFASIS: Angulo A. (TEI) / Montaño L. (ETR) / Pulgarín C. (CSI) / Villota J. (MAT) | AK4: Casanova J. (ORIENTACIÓN ESCOLAR) / Ponce Á. (ORIENTACIÓN ESCOLAR) | AL4: Ortiz M. (TUTORÍA PTAFI)
A5: LUNES | B5: 4 | C5: 09:05-09:50 | D5: Valencia G. (ÁREAS MÚLTIPLES) | E5: Martínez A. (ÁREAS MÚLTIPLES) | F5: Landázuri M. (ÁREAS MÚLTIPLES) | G5: Sinisterra A. (ÁREAS MÚLTIPLES) | H5: Cortés M. (ÁREAS MÚLTIPLES) | I5: Garzón S. (ÁREAS MÚLTIPLES) | J5: Tenorio L. (ÁREAS MÚLTIPLES) | K5: Torres E. (ÁREAS MÚLTIPLES) | L5: Landázuri T. (ÁREAS MÚLTIPLES) | M5: Zamora C. (ÁREAS MÚLTIPLES) | N5: Núñez E. (ÁREAS MÚLTIPLES) | O5: Cuéllar N. (ÁREAS MÚLTIPLES) | P5: Centeno C. (ÁREAS MÚLTIPLES) | Q5: Narváez D. (ÁREAS MÚLTIPLES) | R5: Escobar L. (ÁREAS MÚLTIPLES) | S5: Cuero H. (CAS) | T5: Prado G. (ART) | U5: Lozano A. (ETR) | V5: Armero J. (ERD) | W5: Vásquez S. (MAT) | X5: Arizala R. (ERD) | Y5: Ordóñez J. (CNA) | Z5: Casanova Y. (ETR) | AA5: Fernández A. (TEI) | AB5: Valverde M. (CAS) | AC5: ÉNFASIS: González J. (ERD) / Lemos M. (CNA) / Meza G. (CAS) / Valencia S. (ART) | AD5: Mindineros J. (TEI) | AE5: Samaniego F. (ART) | AF5: Preciado O. (MAT) | AG5: Betancourth Y. (CSI) | AH5: Arboleda L. (ART) | AI5: Villota H. (CNA) | AJ5: ÉNFASIS: Angulo A. (TEI) / Montaño L. (ETR) / Pulgarín C. (CSI) / Villota J. (MAT) | AK5: Casanova J. (ORIENTACIÓN ESCOLAR) / Ponce Á. (ORIENTACIÓN ESCOLAR) | AL5: Ortiz M. (TUTORÍA PTAFI)
A6: LUNES | B6: 5 | C6: 10:10-10:55 | D6: Valencia G. (ÁREAS MÚLTIPLES) | E6: Martínez A. (ÁREAS MÚLTIPLES) | F6: Landázuri M. (ÁREAS MÚLTIPLES) | G6: Sinisterra A. (ÁREAS MÚLTIPLES) | H6: Cortés M. (ÁREAS MÚLTIPLES) | I6: Garzón S. (ÁREAS MÚLTIPLES) | J6: Tenorio L. (ÁREAS MÚLTIPLES) | K6: Torres E. (ÁREAS MÚLTIPLES) | L6: Landázuri T. (ÁREAS MÚLTIPLES) | M6: Zamora C. (ÁREAS MÚLTIPLES) | N6: Núñez E. (ÁREAS MÚLTIPLES) | O6: Cuéllar N. (ÁREAS MÚLTIPLES) | P6: Centeno C. (ÁREAS MÚLTIPLES) | Q6: Narváez D. (ÁREAS MÚLTIPLES) | R6: Escobar L. (ÁREAS MÚLTIPLES) | S6: Armero J. (ERD) | T6: García S. (CSI) | U6: Quiñones M. (TEI) | V6: Cuero H. (CAS) | W6: Puches A. (ART) | X6: Ordóñez J. (CNA) | Y6: Arizala R. (ERD) | Z6: ÉNFASIS: Aguirre J. (TEI) / Vásquez S. (MAT) | AA6: Cuero B. (ERD) | AB6: ÉNFASIS: Castillo M. (ETR) / Fernández A. (TEI) / Ortiz A. (CSI) / Preciado O. (MAT) | AC6: ÉNFASIS: González J. (ERD) / Lemos M. (CNA) / Meza G. (CAS) / Valencia S. (ART) | AD6: Betancourth Y. (CSI) | AE6: Chillambo M. (CNA) | AF6: Samaniego F. (ART) | AG6: Estacio R. (ETR) | AH6: ÉNFASIS: Angulo A. (TEI) / Montaño L. (ETR) / Pulgarín C. (CSI) / Villota J. (MAT) | AI6: Montaño F. (CAS) | AJ6: Ramírez J. (ERD) | AK6: Casanova J. (ORIENTACIÓN ESCOLAR) / Ponce Á. (ORIENTACIÓN ESCOLAR) | AL6: Ortiz M. (TUTORÍA PTAFI)
A7: LUNES | B7: 6 | C7: 10:55-11:40 | D7: Valencia G. (ÁREAS MÚLTIPLES) | E7: Martínez A. (ÁREAS MÚLTIPLES) | F7: Landázuri M. (ÁREAS MÚLTIPLES) | G7: Sinisterra A. (ÁREAS MÚLTIPLES) | H7: Cortés M. (ÁREAS MÚLTIPLES) | I7: Garzón S. (ÁREAS MÚLTIPLES) | J7: Tenorio L. (ÁREAS MÚLTIPLES) | K7: Torres E. (ÁREAS MÚLTIPLES) | L7: Landázuri T. (ÁREAS MÚLTIPLES) | M7: Zamora C. (ÁREAS MÚLTIPLES) | N7: Núñez E. (ÁREAS MÚLTIPLES) | O7: Cuéllar N. (ÁREAS MÚLTIPLES) | P7: Centeno C. (ÁREAS MÚLTIPLES) | Q7: Narváez D. (ÁREAS MÚLTIPLES) | R7: Escobar L. (ÁREAS MÚLTIPLES) | S7: Armero J. (ERD) | T7: García S. (CSI) | U7: Quiñones M. (TEI) | V7: Cuero H. (CAS) | W7: Puches A. (ART) | X7: Ordóñez J. (CNA) | Y7: Arizala R. (ERD) | Z7: ÉNFASIS: Aguirre J. (TEI) / Vásquez S. (MAT) | AA7: Cuero B. (ERD) | AB7: ÉNFASIS: Castillo M. (ETR) / Fernández A. (TEI) / Ortiz A. (CSI) / Preciado O. (MAT) | AC7: ÉNFASIS: González J. (ERD) / Lemos M. (CNA) / Meza G. (CAS) / Valencia S. (ART) | AD7: Betancourth Y. (CSI) | AE7: Chillambo M. (CNA) | AF7: Samaniego F. (ART) | AG7: Estacio R. (ETR) | AH7: ÉNFASIS: Angulo A. (TEI) / Montaño L. (ETR) / Pulgarín C. (CSI) / Villota J. (MAT) | AI7: Montaño F. (CAS) | AJ7: Ramírez J. (ERD) | AK7: Casanova J. (ORIENTACIÓN ESCOLAR) / Ponce Á. (ORIENTACIÓN ESCOLAR) | AL7: Ortiz M. (TUTORÍA PTAFI)
A8: LUNES | B8: 7 | C8: 12:00-12:45 | S8: García S. (CSI) | T8: Cuero H. (CAS) | U8: Armero J. (ERD) | V8: Quiñones M. (MAT) | W8: Ordóñez J. (CNA) | X8: Aguirre J. (TEI) | Y8: Casanova Y. (ETR) | Z8: Castillo D. (CAS) | AA8: Preciado O. (MAT) | AB8: Chillambo M. (CNA) | AC8: Estacio R. (ETR) | AD8: Bastidas Z. (MAT) | AE8: ÉNFASIS: González J. (ERD) / Lemos M. (CNA) / Meza G. (CAS) / Valencia S. (ART) | AF8: Valverde M. (CAS) | AG8: Mindineros J. (TEI) | AH8: Angulo A. (TEI) | AI8: ÉNFASIS: Arboleda L. (ART) / Montaño F. (CAS) / Ramírez J. (ERD) / Villota H. (CNA) | AJ8: Montaño L. (ETR) | AK8: Casanova J. (ORIENTACIÓN ESCOLAR) / Ponce Á. (ORIENTACIÓN ESCOLAR)
A9: LUNES | B9: 8 | C9: 12:45-13:30 | S9: García S. (CSI) | T9: Cuero H. (CAS) | U9: Armero J. (ERD) | V9: Quiñones M. (MAT) | W9: Ordóñez J. (CNA) | X9: Aguirre J. (TEI) | Y9: Casanova Y. (ETR) | Z9: Castillo D. (CAS) | AA9: Preciado O. (MAT) | AB9: Chillambo M. (CNA) | AC9: Estacio R. (ETR) | AD9: Bastidas Z. (MAT) | AE9: ÉNFASIS: González J. (ERD) / Lemos M. (CNA) / Meza G. (CAS) / Valencia S. (ART) | AF9: Valverde M. (CAS) | AG9: Mindineros J. (TEI) | AH9: Angulo A. (TEI) | AI9: ÉNFASIS: Arboleda L. (ART) / Montaño F. (CAS) / Ramírez J. (ERD) / Villota H. (CNA) | AJ9: Montaño L. (ETR) | AK9: Casanova J. (ORIENTACIÓN ESCOLAR) / Ponce Á. (ORIENTACIÓN ESCOLAR)
A10: MARTES | B10: 1 | C10: 06:30-07:15 | F10: Landázuri M. (ÁREAS MÚLTIPLES) | G10: Sinisterra A. (ÁREAS MÚLTIPLES) | H10: Cortés M. (ÁREAS MÚLTIPLES) | I10: Garzón S. (ÁREAS MÚLTIPLES) | J10: Tenorio L. (ÁREAS MÚLTIPLES) | K10: Torres E. (ÁREAS MÚLTIPLES) | L10: Landázuri T. (ÁREAS MÚLTIPLES) | M10: Zamora C. (ÁREAS MÚLTIPLES) | N10: Núñez E. (ÁREAS MÚLTIPLES) | O10: Cuéllar N. (ÁREAS MÚLTIPLES) | P10: Centeno C. (ÁREAS MÚLTIPLES) | Q10: Narváez D. (ÁREAS MÚLTIPLES) | R10: Escobar L. (ÁREAS MÚLTIPLES) | S10: Quiñones M. (MAT) | T10: Cuero H. (TEI) | U10: ÉNFASIS: García S. (CSI) / Lozano A. (ETR) | V10: ÉNFASIS: Aguirre J. (TEI) / Vásquez S. (MAT) | W10: ÉNFASIS: Castillo D. (CAS) / Puches A. (ART) | X10: ÉNFASIS: Chillambo M. (CNA) / Cuero B. (ERD) | Y10: ÉNFASIS: Casanova Y. (ETR) / Quintero M. (CSI) | Z10: Arizala R. (ERD) | AA10: Valverde M. (CAS) | AB10: Preciado O. (MAT) | AC10: Valencia S. (ART) | AD10: ÉNFASIS: Bastidas Z. (MAT) / Betancourth Y. (CSI) / Estacio R. (ETR) / Mindineros J. (TEI) | AE10: Ortiz A. (CSI) | AF10: Fernández A. (TEI) | AG10: Lemos M. (CNA) | AH10: Montaño F. (CAS) | AI10: Ramírez J. (ERD) | AJ10: ÉNFASIS: Angulo A. (TEI) / Montaño L. (ETR) / Pulgarín C. (CSI) / Villota J. (MAT) | AL10: Ortiz M. (TUTORÍA PTAFI)
A11: MARTES | B11: 2 | C11: 07:15-08:00 | F11: Landázuri M. (ÁREAS MÚLTIPLES) | G11: Sinisterra A. (ÁREAS MÚLTIPLES) | H11: Cortés M. (ÁREAS MÚLTIPLES) | I11: Garzón S. (ÁREAS MÚLTIPLES) | J11: Tenorio L. (ÁREAS MÚLTIPLES) | K11: Torres E. (ÁREAS MÚLTIPLES) | L11: Landázuri T. (ÁREAS MÚLTIPLES) | M11: Zamora C. (ÁREAS MÚLTIPLES) | N11: Núñez E. (ÁREAS MÚLTIPLES) | O11: Cuéllar N. (ÁREAS MÚLTIPLES) | P11: Centeno C. (ÁREAS MÚLTIPLES) | Q11: Narváez D. (ÁREAS MÚLTIPLES) | R11: Escobar L. (ÁREAS MÚLTIPLES) | S11: Quiñones M. (MAT) | T11: Cuero H. (TEI) | U11: ÉNFASIS: García S. (CSI) / Lozano A. (ETR) | V11: ÉNFASIS: Aguirre J. (TEI) / Vásquez S. (MAT) | W11: ÉNFASIS: Castillo D. (CAS) / Puches A. (ART) | X11: ÉNFASIS: Chillambo M. (CNA) / Cuero B. (ERD) | Y11: ÉNFASIS: Casanova Y. (ETR) / Quintero M. (CSI) | Z11: Arizala R. (ERD) | AA11: Valverde M. (CAS) | AB11: Preciado O. (MAT) | AC11: Valencia S. (ART) | AD11: ÉNFASIS: Bastidas Z. (MAT) / Betancourth Y. (CSI) / Estacio R. (ETR) / Mindineros J. (TEI) | AE11: Ortiz A. (CSI) | AF11: Fernández A. (TEI) | AG11: Lemos M. (CNA) | AH11: Montaño F. (CAS) | AI11: Ramírez J. (ERD) | AJ11: ÉNFASIS: Angulo A. (TEI) / Montaño L. (ETR) / Pulgarín C. (CSI) / Villota J. (MAT) | AK11: Casanova J. (ORIENTACIÓN ESCOLAR) | AL11: Ortiz M. (TUTORÍA PTAFI)
A12: MARTES | B12: 3 | C12: 08:20-09:05 | D12: Valencia G. (ÁREAS MÚLTIPLES) | E12: Martínez A. (ÁREAS MÚLTIPLES) | F12: Landázuri M. (ÁREAS MÚLTIPLES) | G12: Sinisterra A. (ÁREAS MÚLTIPLES) | H12: Cortés M. (ÁREAS MÚLTIPLES) | I12: Garzón S. (ÁREAS MÚLTIPLES) | J12: Tenorio L. (ÁREAS MÚLTIPLES) | K12: Torres E. (ÁREAS MÚLTIPLES) | L12: Landázuri T. (ÁREAS MÚLTIPLES) | M12: Zamora C. (ÁREAS MÚLTIPLES) | N12: Núñez E. (ÁREAS MÚLTIPLES) | O12: Cuéllar N. (ÁREAS MÚLTIPLES) | P12: Centeno C. (ÁREAS MÚLTIPLES) | Q12: Narváez D. (ÁREAS MÚLTIPLES) | R12: Escobar L. (ÁREAS MÚLTIPLES) | S12: Prado G. (CNA) | T12: Cuero H. (CAS) | U12: Quiñones M. (MAT) | V12: Lozano A. (ETR) | W12: Vásquez S. (MAT) | X12: Aguirre J. (TEI) | Y12: Puches A. (ART) | Z12: Quintero M. (CSI) | AA12: ÉNFASIS: Chillambo M. (CNA) / Cuero B. (ERD) / Samaniego F. (ART) / Valverde M. (CAS) | AB12: Castillo M. (ETR) | AC12: Estacio R. (ETR) | AD12: Bastidas Z. (MAT) | AE12: ÉNFASIS: González J. (ERD) / Lemos M. (CNA) / Meza G. (CAS) / Valencia S. (ART) | AF12: Ortiz A. (CSI) | AG12: Mindineros J. (TEI) | AH12: Angulo A. (TEI) | AI12: ÉNFASIS: Arboleda L. (ART) / Montaño F. (CAS) / Ramírez J. (ERD) / Villota H. (CNA) | AJ12: Pulgarín C. (CSI) | AK12: Casanova J. (ORIENTACIÓN ESCOLAR) / Ponce Á. (ORIENTACIÓN ESCOLAR) | AL12: Ortiz M. (TUTORÍA PTAFI)
A13: MARTES | B13: 4 | C13: 09:05-09:50 | D13: Valencia G. (ÁREAS MÚLTIPLES) | E13: Martínez A. (ÁREAS MÚLTIPLES) | F13: Landázuri M. (ÁREAS MÚLTIPLES) | G13: Sinisterra A. (ÁREAS MÚLTIPLES) | H13: Cortés M. (ÁREAS MÚLTIPLES) | I13: Garzón S. (ÁREAS MÚLTIPLES) | J13: Tenorio L. (ÁREAS MÚLTIPLES) | K13: Torres E. (ÁREAS MÚLTIPLES) | L13: Landázuri T. (ÁREAS MÚLTIPLES) | M13: Zamora C. (ÁREAS MÚLTIPLES) | N13: Núñez E. (ÁREAS MÚLTIPLES) | O13: Cuéllar N. (ÁREAS MÚLTIPLES) | P13: Centeno C. (ÁREAS MÚLTIPLES) | Q13: Narváez D. (ÁREAS MÚLTIPLES) | R13: Escobar L. (ÁREAS MÚLTIPLES) | S13: Prado G. (CNA) | T13: Cuero H. (CAS) | U13: Quiñones M. (MAT) | V13: Lozano A. (ETR) | W13: Vásquez S. (MAT) | X13: Aguirre J. (TEI) | Y13: Puches A. (ART) | Z13: Quintero M. (CSI) | AA13: ÉNFASIS: Chillambo M. (CNA) / Cuero B. (ERD) / Samaniego F. (ART) / Valverde M. (CAS) | AB13: Castillo M. (ETR) | AC13: Estacio R. (ETR) | AD13: Bastidas Z. (MAT) | AE13: ÉNFASIS: González J. (ERD) / Lemos M. (CNA) / Meza G. (CAS) / Valencia S. (ART) | AF13: Ortiz A. (CSI) | AG13: Mindineros J. (TEI) | AH13: Angulo A. (TEI) | AI13: ÉNFASIS: Arboleda L. (ART) / Montaño F. (CAS) / Ramírez J. (ERD) / Villota H. (CNA) | AJ13: Pulgarín C. (CSI) | AK13: Casanova J. (ORIENTACIÓN ESCOLAR) / Ponce Á. (ORIENTACIÓN ESCOLAR) | AL13: Ortiz M. (TUTORÍA PTAFI)
A14: MARTES | B14: 5 | C14: 10:10-10:55 | D14: Valencia G. (ÁREAS MÚLTIPLES) | E14: Martínez A. (ÁREAS MÚLTIPLES) | F14: Landázuri M. (ÁREAS MÚLTIPLES) | G14: Sinisterra A. (ÁREAS MÚLTIPLES) | H14: Cortés M. (ÁREAS MÚLTIPLES) | I14: Garzón S. (ÁREAS MÚLTIPLES) | J14: Tenorio L. (ÁREAS MÚLTIPLES) | K14: Torres E. (ÁREAS MÚLTIPLES) | L14: Landázuri T. (ÁREAS MÚLTIPLES) | M14: Zamora C. (ÁREAS MÚLTIPLES) | N14: Núñez E. (ÁREAS MÚLTIPLES) | O14: Cuéllar N. (ÁREAS MÚLTIPLES) | P14: Centeno C. (ÁREAS MÚLTIPLES) | Q14: Narváez D. (ÁREAS MÚLTIPLES) | R14: Escobar L. (ÁREAS MÚLTIPLES) | S14: Cuero H. (TEI) | T14: Prado G. (CNA) | U14: García S. (CSI) | V14: Armero J. (ERD) | W14: Puches A. (ART) | X14: Castillo D. (CAS) | Y14: Quintero M. (CSI) | Z14: ÉNFASIS: Fernández A. (TEI) / Preciado O. (MAT) | AA14: Castillo M. (ETR) | AB14: Samaniego F. (ART) | AC14: Meza G. (CAS) | AD14: Lemos M. (CNA) | AE14: Valverde M. (CAS) | AF14: ÉNFASIS: Bastidas Z. (MAT) / Betancourth Y. (CSI) / Estacio R. (ETR) / Mindineros J. (TEI) | AG14: González J. (ERD) | AH14: ÉNFASIS: Angulo A. (TEI) / Montaño L. (ETR) / Pulgarín C. (CSI) / Villota J. (MAT) | AI14: Arboleda L. (ART) | AJ14: Villota H. (CNA) | AK14: Casanova J. (ORIENTACIÓN ESCOLAR) / Ponce Á. (ORIENTACIÓN ESCOLAR) | AL14: Ortiz M. (TUTORÍA PTAFI)
A15: MARTES | B15: 6 | C15: 10:55-11:40 | D15: Valencia G. (ÁREAS MÚLTIPLES) | E15: Martínez A. (ÁREAS MÚLTIPLES) | F15: Landázuri M. (ÁREAS MÚLTIPLES) | G15: Sinisterra A. (ÁREAS MÚLTIPLES) | H15: Cortés M. (ÁREAS MÚLTIPLES) | I15: Garzón S. (ÁREAS MÚLTIPLES) | J15: Tenorio L. (ÁREAS MÚLTIPLES) | K15: Torres E. (ÁREAS MÚLTIPLES) | L15: Landázuri T. (ÁREAS MÚLTIPLES) | M15: Zamora C. (ÁREAS MÚLTIPLES) | N15: Núñez E. (ÁREAS MÚLTIPLES) | O15: Cuéllar N. (ÁREAS MÚLTIPLES) | P15: Centeno C. (ÁREAS MÚLTIPLES) | Q15: Narváez D. (ÁREAS MÚLTIPLES) | R15: Escobar L. (ÁREAS MÚLTIPLES) | S15: Cuero H. (TEI) | T15: Prado G. (CNA) | U15: García S. (CSI) | V15: Armero J. (ERD) | W15: Puches A. (ART) | X15: Castillo D. (CAS) | Y15: Quintero M. (CSI) | Z15: ÉNFASIS: Fernández A. (TEI) / Preciado O. (MAT) | AA15: Castillo M. (ETR) | AB15: Samaniego F. (ART) | AC15: Meza G. (CAS) | AD15: Lemos M. (CNA) | AE15: Valverde M. (CAS) | AF15: ÉNFASIS: Bastidas Z. (MAT) / Betancourth Y. (CSI) / Estacio R. (ETR) / Mindineros J. (TEI) | AG15: González J. (ERD) | AH15: ÉNFASIS: Angulo A. (TEI) / Montaño L. (ETR) / Pulgarín C. (CSI) / Villota J. (MAT) | AI15: Arboleda L. (ART) | AJ15: Villota H. (CNA) | AK15: Casanova J. (ORIENTACIÓN ESCOLAR) / Ponce Á. (ORIENTACIÓN ESCOLAR) | AL15: Ortiz M. (TUTORÍA PTAFI)
A16: MARTES | B16: 7 | C16: 12:00-12:45 | S16: ÉNFASIS: Castillo D. (CAS) / Puches A. (ART) | T16: ÉNFASIS: Ordóñez J. (CNA) / Arizala R. (ERD) | U16: Prado G. (ART) | V16: Armero J. (CNA) | W16: Quintero M. (CSI) | X16: Vásquez S. (MAT) | Y16: Casanova Y. (ETR) | Z16: Aguirre J. (TEI) | AA16: Chillambo M. (CNA) | AB16: Valverde M. (CAS) | AC16: ÉNFASIS: González J. (ERD) / Lemos M. (CNA) / Meza G. (CAS) / Valencia S. (ART) | AD16: Estacio R. (ETR) | AE16: Preciado O. (MAT) | AF16: Castillo M. (ETR) | AG16: ÉNFASIS: Arboleda L. (ART) / Montaño F. (CAS) / Ramírez J. (ERD) / Villota H. (CNA) | AH16: Pulgarín C. (CSI) | AI16: Villota J. (MAT) | AJ16: Angulo A. (TEI) | AK16: Casanova J. (ORIENTACIÓN ESCOLAR) / Ponce Á. (ORIENTACIÓN ESCOLAR)
A17: MARTES | B17: 8 | C17: 12:45-13:30 | S17: ÉNFASIS: Castillo D. (CAS) / Puches A. (ART) | T17: ÉNFASIS: Ordóñez J. (CNA) / Arizala R. (ERD) | U17: Prado G. (ART) | V17: Armero J. (CNA) | W17: Quintero M. (CSI) | X17: Vásquez S. (MAT) | Y17: Casanova Y. (ETR) | Z17: Aguirre J. (TEI) | AA17: Chillambo M. (CNA) | AB17: Valverde M. (CAS) | AC17: ÉNFASIS: González J. (ERD) / Lemos M. (CNA) / Meza G. (CAS) / Valencia S. (ART) | AD17: Estacio R. (ETR) | AE17: Preciado O. (MAT) | AF17: Castillo M. (ETR) | AG17: ÉNFASIS: Arboleda L. (ART) / Montaño F. (CAS) / Ramírez J. (ERD) / Villota H. (CNA) | AH17: Pulgarín C. (CSI) | AI17: Villota J. (MAT) | AJ17: Angulo A. (TEI) | AK17: Casanova J. (ORIENTACIÓN ESCOLAR) / Ponce Á. (ORIENTACIÓN ESCOLAR)
A18: MIERCOLES | B18: 1 | C18: 06:30-07:15 | F18: Landázuri M. (ÁREAS MÚLTIPLES) | G18: Sinisterra A. (ÁREAS MÚLTIPLES) | H18: Cortés M. (ÁREAS MÚLTIPLES) | I18: Garzón S. (ÁREAS MÚLTIPLES) | J18: Tenorio L. (ÁREAS MÚLTIPLES) | K18: Torres E. (ÁREAS MÚLTIPLES) | L18: Landázuri T. (ÁREAS MÚLTIPLES) | M18: Zamora C. (ÁREAS MÚLTIPLES) | N18: Núñez E. (ÁREAS MÚLTIPLES) | O18: Cuéllar N. (ÁREAS MÚLTIPLES) | P18: Centeno C. (ÁREAS MÚLTIPLES) | Q18: Narváez D. (ÁREAS MÚLTIPLES) | R18: Escobar L. (ÁREAS MÚLTIPLES) | S18: Prado G. (ART) | T18: Armero J. (ERD) | U18: ÉNFASIS: García S. (CSI) / Lozano A. (ETR) | V18: ÉNFASIS: Aguirre J. (TEI) / Vásquez S. (MAT) | W18: ÉNFASIS: Castillo D. (CAS) / Puches A. (ART) | X18: ÉNFASIS: Chillambo M. (CNA) / Cuero B. (ERD) | Y18: ÉNFASIS: Casanova Y. (ETR) / Quintero M. (CSI) | Z18: Ordóñez J. (CNA) | AA18: Valverde M. (CAS) | AB18: Fernández A. (TEI) | AC18: Bastidas Z. (MAT) | AD18: Meza G. (CAS) | AE18: Samaniego F. (ART) | AF18: Ortiz A. (CSI) | AG18: González J. (ERD) | AH18: Villota H. (CNA) | AI18: Montaño L. (ETR) | AJ18: Arboleda L. (ART) | AL18: Ortiz M. (TUTORÍA PTAFI)
A19: MIERCOLES | B19: 2 | C19: 07:15-08:00 | F19: Landázuri M. (ÁREAS MÚLTIPLES) | G19: Sinisterra A. (ÁREAS MÚLTIPLES) | H19: Cortés M. (ÁREAS MÚLTIPLES) | I19: Garzón S. (ÁREAS MÚLTIPLES) | J19: Tenorio L. (ÁREAS MÚLTIPLES) | K19: Torres E. (ÁREAS MÚLTIPLES) | L19: Landázuri T. (ÁREAS MÚLTIPLES) | M19: Zamora C. (ÁREAS MÚLTIPLES) | N19: Núñez E. (ÁREAS MÚLTIPLES) | O19: Cuéllar N. (ÁREAS MÚLTIPLES) | P19: Centeno C. (ÁREAS MÚLTIPLES) | Q19: Narváez D. (ÁREAS MÚLTIPLES) | R19: Escobar L. (ÁREAS MÚLTIPLES) | S19: Prado G. (ART) | T19: Armero J. (ERD) | U19: ÉNFASIS: García S. (CSI) / Lozano A. (ETR) | V19: ÉNFASIS: Aguirre J. (TEI) / Vásquez S. (MAT) | W19: ÉNFASIS: Castillo D. (CAS) / Puches A. (ART) | X19: ÉNFASIS: Chillambo M. (CNA) / Cuero B. (ERD) | Y19: ÉNFASIS: Casanova Y. (ETR) / Quintero M. (CSI) | Z19: Ordóñez J. (CNA) | AA19: Valverde M. (CAS) | AB19: Fernández A. (TEI) | AC19: Bastidas Z. (MAT) | AD19: Meza G. (CAS) | AE19: Samaniego F. (ART) | AF19: Ortiz A. (CSI) | AG19: González J. (ERD) | AH19: Villota H. (CNA) | AI19: Montaño L. (ETR) | AJ19: Arboleda L. (ART) | AK19: Casanova J. (ORIENTACIÓN ESCOLAR) | AL19: Ortiz M. (TUTORÍA PTAFI)
A20: MIERCOLES | B20: 3 | C20: 08:20-09:05 | D20: Valencia G. (ÁREAS MÚLTIPLES) | E20: Martínez A. (ÁREAS MÚLTIPLES) | F20: Landázuri M. (ÁREAS MÚLTIPLES) | G20: Sinisterra A. (ÁREAS MÚLTIPLES) | H20: Cortés M. (ÁREAS MÚLTIPLES) | I20: Garzón S. (ÁREAS MÚLTIPLES) | J20: Tenorio L. (ÁREAS MÚLTIPLES) | K20: Torres E. (ÁREAS MÚLTIPLES) | L20: Landázuri T. (ÁREAS MÚLTIPLES) | M20: Zamora C. (ÁREAS MÚLTIPLES) | N20: Núñez E. (ÁREAS MÚLTIPLES) | O20: Cuéllar N. (ÁREAS MÚLTIPLES) | P20: Centeno C. (ÁREAS MÚLTIPLES) | Q20: Narváez D. (ÁREAS MÚLTIPLES) | R20: Escobar L. (ÁREAS MÚLTIPLES) | S20: Cuero H. (CAS) | T20: Prado G. (ART) | U20: Armero J. (CNA) | V20: García S. (CSI) | W20: Castillo D. (CAS) | X20: Puches A. (ART) | Y20: Ordóñez J. (CNA) | Z20: Arizala R. (ERD) | AA20: ÉNFASIS: Chillambo M. (CNA) / Cuero B. (ERD) / Samaniego F. (ART) / Valverde M. (CAS) | AB20: Ortiz A. (CSI) | AC20: Valencia S. (ART) | AD20: González J. (ERD) | AE20: Castillo M. (ETR) | AF20: ÉNFASIS: Bastidas Z. (MAT) / Betancourth Y. (CSI) / Estacio R. (ETR) / Mindineros J. (TEI) | AG20: Meza G. (CAS) | AH20: Montaño F. (CAS) | AI20: Arboleda L. (ART) | AJ20: ÉNFASIS: Angulo A. (TEI) / Montaño L. (ETR) / Pulgarín C. (CSI) / Villota J. (MAT) | AK20: Casanova J. (ORIENTACIÓN ESCOLAR) / Ponce Á. (ORIENTACIÓN ESCOLAR) | AL20: Ortiz M. (TUTORÍA PTAFI)
A21: MIERCOLES | B21: 4 | C21: 09:05-09:50 | D21: Valencia G. (ÁREAS MÚLTIPLES) | E21: Martínez A. (ÁREAS MÚLTIPLES) | F21: Landázuri M. (ÁREAS MÚLTIPLES) | G21: Sinisterra A. (ÁREAS MÚLTIPLES) | H21: Cortés M. (ÁREAS MÚLTIPLES) | I21: Garzón S. (ÁREAS MÚLTIPLES) | J21: Tenorio L. (ÁREAS MÚLTIPLES) | K21: Torres E. (ÁREAS MÚLTIPLES) | L21: Landázuri T. (ÁREAS MÚLTIPLES) | M21: Zamora C. (ÁREAS MÚLTIPLES) | N21: Núñez E. (ÁREAS MÚLTIPLES) | O21: Cuéllar N. (ÁREAS MÚLTIPLES) | P21: Centeno C. (ÁREAS MÚLTIPLES) | Q21: Narváez D. (ÁREAS MÚLTIPLES) | R21: Escobar L. (ÁREAS MÚLTIPLES) | S21: Cuero H. (CAS) | T21: Prado G. (ART) | U21: Armero J. (CNA) | V21: García S. (CSI) | W21: Castillo D. (CAS) | X21: Puches A. (ART) | Y21: Ordóñez J. (CNA) | Z21: Arizala R. (ERD) | AA21: ÉNFASIS: Chillambo M. (CNA) / Cuero B. (ERD) / Samaniego F. (ART) / Valverde M. (CAS) | AB21: Ortiz A. (CSI) | AC21: Valencia S. (ART) | AD21: González J. (ERD) | AE21: Castillo M. (ETR) | AF21: ÉNFASIS: Bastidas Z. (MAT) / Betancourth Y. (CSI) / Estacio R. (ETR) / Mindineros J. (TEI) | AG21: Meza G. (CAS) | AH21: Montaño F. (CAS) | AI21: Arboleda L. (ART) | AJ21: ÉNFASIS: Angulo A. (TEI) / Montaño L. (ETR) / Pulgarín C. (CSI) / Villota J. (MAT) | AK21: Casanova J. (ORIENTACIÓN ESCOLAR) / Ponce Á. (ORIENTACIÓN ESCOLAR) | AL21: Ortiz M. (TUTORÍA PTAFI)
A22: MIERCOLES | B22: 5 | C22: 10:10-10:55 | D22: Valencia G. (ÁREAS MÚLTIPLES) | E22: Martínez A. (ÁREAS MÚLTIPLES) | F22: Landázuri M. (ÁREAS MÚLTIPLES) | G22: Sinisterra A. (ÁREAS MÚLTIPLES) | H22: Cortés M. (ÁREAS MÚLTIPLES) | I22: Garzón S. (ÁREAS MÚLTIPLES) | J22: Tenorio L. (ÁREAS MÚLTIPLES) | K22: Torres E. (ÁREAS MÚLTIPLES) | L22: Landázuri T. (ÁREAS MÚLTIPLES) | M22: Zamora C. (ÁREAS MÚLTIPLES) | N22: Núñez E. (ÁREAS MÚLTIPLES) | O22: Cuéllar N. (ÁREAS MÚLTIPLES) | P22: Centeno C. (ÁREAS MÚLTIPLES) | Q22: Narváez D. (ÁREAS MÚLTIPLES) | R22: Escobar L. (ÁREAS MÚLTIPLES) | S22: Lozano A. (ETR) | T22: García S. (CSI) | U22: Armero J. (ERD) | V22: Prado G. (ART) | W22: Casanova Y. (ETR) | X22: Castillo D. (CAS) | Y22: Arizala R. (ERD) | Z22: ÉNFASIS: Aguirre J. (TEI) / Vásquez S. (MAT) | AA22: Samaniego F. (ART) | AB22: ÉNFASIS: Castillo M. (ETR) / Fernández A. (TEI) / Ortiz A. (CSI) / Preciado O. (MAT) | AC22: Lemos M. (CNA) | AD22: Valencia S. (ART) | AE22: Valverde M. (CAS) | AF22: Chillambo M. (CNA) | AG22: Bastidas Z. (MAT) | AH22: Villota J. (MAT) | AI22: ÉNFASIS: Arboleda L. (ART) / Montaño F. (CAS) / Ramírez J. (ERD) / Villota H. (CNA) | AJ22: Angulo A. (TEI) | AK22: Casanova J. (ORIENTACIÓN ESCOLAR) / Ponce Á. (ORIENTACIÓN ESCOLAR) | AL22: Ortiz M. (TUTORÍA PTAFI)
A23: MIERCOLES | B23: 6 | C23: 10:55-11:40 | D23: Valencia G. (ÁREAS MÚLTIPLES) | E23: Martínez A. (ÁREAS MÚLTIPLES) | F23: Landázuri M. (ÁREAS MÚLTIPLES) | G23: Sinisterra A. (ÁREAS MÚLTIPLES) | H23: Cortés M. (ÁREAS MÚLTIPLES) | I23: Garzón S. (ÁREAS MÚLTIPLES) | J23: Tenorio L. (ÁREAS MÚLTIPLES) | K23: Torres E. (ÁREAS MÚLTIPLES) | L23: Landázuri T. (ÁREAS MÚLTIPLES) | M23: Zamora C. (ÁREAS MÚLTIPLES) | N23: Núñez E. (ÁREAS MÚLTIPLES) | O23: Cuéllar N. (ÁREAS MÚLTIPLES) | P23: Centeno C. (ÁREAS MÚLTIPLES) | Q23: Narváez D. (ÁREAS MÚLTIPLES) | R23: Escobar L. (ÁREAS MÚLTIPLES) | S23: Lozano A. (ETR) | T23: García S. (CSI) | U23: Armero J. (ERD) | V23: Prado G. (ART) | W23: Casanova Y. (ETR) | X23: Castillo D. (CAS) | Y23: Arizala R. (ERD) | Z23: ÉNFASIS: Aguirre J. (TEI) / Vásquez S. (MAT) | AA23: Samaniego F. (ART) | AB23: ÉNFASIS: Castillo M. (ETR) / Fernández A. (TEI) / Ortiz A. (CSI) / Preciado O. (MAT) | AC23: Lemos M. (CNA) | AD23: Valencia S. (ART) | AE23: Valverde M. (CAS) | AF23: Chillambo M. (CNA) | AG23: Bastidas Z. (MAT) | AH23: Villota J. (MAT) | AI23: ÉNFASIS: Arboleda L. (ART) / Montaño F. (CAS) / Ramírez J. (ERD) / Villota H. (CNA) | AJ23: Angulo A. (TEI) | AK23: Casanova J. (ORIENTACIÓN ESCOLAR) / Ponce Á. (ORIENTACIÓN ESCOLAR) | AL23: Ortiz M. (TUTORÍA PTAFI)
A24: MIERCOLES | B24: 7 | C24: 12:00-12:45 | S24: ÉNFASIS: Castillo D. (CAS) / Puches A. (ART) | T24: ÉNFASIS: Ordóñez J. (CNA) / Arizala R. (ERD) | U24: Quiñones M. (TEI) | V24: Lozano A. (ETR) | W24: Quintero M. (CSI) | X24: Casanova Y. (ETR) | Y24: Vásquez S. (MAT) | Z24: Aguirre J. (TEI) | AA24: Castillo M. (ETR) | AB24: Samaniego F. (ART) | AC24: ÉNFASIS: González J. (ERD) / Lemos M. (CNA) / Meza G. (CAS) / Valencia S. (ART) | AD24: ÉNFASIS: Bastidas Z. (MAT) / Betancourth Y. (CSI) / Estacio R. (ETR) / Mindineros J. (TEI) | AE24: Cuero B. (ERD) | AF24: Preciado O. (MAT) | AG24: ÉNFASIS: Arboleda L. (ART) / Montaño F. (CAS) / Ramírez J. (ERD) / Villota H. (CNA) | AH24: Montaño L. (ETR) | AI24: Pulgarín C. (CSI) | AJ24: Villota J. (MAT) | AK24: Casanova J. (ORIENTACIÓN ESCOLAR) / Ponce Á. (ORIENTACIÓN ESCOLAR)
A25: MIERCOLES | B25: 8 | C25: 12:45-13:30 | S25: ÉNFASIS: Castillo D. (CAS) / Puches A. (ART) | T25: ÉNFASIS: Ordóñez J. (CNA) / Arizala R. (ERD) | U25: Quiñones M. (TEI) | V25: Lozano A. (ETR) | W25: Quintero M. (CSI) | X25: Casanova Y. (ETR) | Y25: Vásquez S. (MAT) | Z25: Aguirre J. (TEI) | AA25: Castillo M. (ETR) | AB25: Samaniego F. (ART) | AC25: ÉNFASIS: González J. (ERD) / Lemos M. (CNA) / Meza G. (CAS) / Valencia S. (ART) | AD25: ÉNFASIS: Bastidas Z. (MAT) / Betancourth Y. (CSI) / Estacio R. (ETR) / Mindineros J. (TEI) | AE25: Cuero B. (ERD) | AF25: Preciado O. (MAT) | AG25: ÉNFASIS: Arboleda L. (ART) / Montaño F. (CAS) / Ramírez J. (ERD) / Villota H. (CNA) | AH25: Montaño L. (ETR) | AI25: Pulgarín C. (CSI) | AJ25: Villota J. (MAT) | AK25: Casanova J. (ORIENTACIÓN ESCOLAR) / Ponce Á. (ORIENTACIÓN ESCOLAR)
A26: JUEVES | B26: 1 | C26: 06:30-07:15 | F26: Landázuri M. (ÁREAS MÚLTIPLES) | G26: Sinisterra A. (ÁREAS MÚLTIPLES) | H26: Cortés M. (ÁREAS MÚLTIPLES) | I26: Garzón S. (ÁREAS MÚLTIPLES) | J26: Tenorio L. (ÁREAS MÚLTIPLES) | K26: Torres E. (ÁREAS MÚLTIPLES) | L26: Landázuri T. (ÁREAS MÚLTIPLES) | M26: Zamora C. (ÁREAS MÚLTIPLES) | N26: Núñez E. (ÁREAS MÚLTIPLES) | O26: Cuéllar N. (ÁREAS MÚLTIPLES) | P26: Centeno C. (ÁREAS MÚLTIPLES) | Q26: Narváez D. (ÁREAS MÚLTIPLES) | R26: Escobar L. (ÁREAS MÚLTIPLES) | S26: Quiñones M. (MAT) | T26: Cuero H. (TEI) | U26: ÉNFASIS: García S. (CSI) / Lozano A. (ETR) | V26: ÉNFASIS: Aguirre J. (TEI) / Vásquez S. (MAT) | W26: ÉNFASIS: Samaniego F. (ART) / Valverde M. (CAS) | X26: ÉNFASIS: Ordóñez J. (CNA) / Arizala R. (ERD) | Y26: ÉNFASIS: Casanova Y. (ETR) / Quintero M. (CSI) | Z26: Castillo D. (CAS) | AA26: Fernández A. (TEI) | AB26: Ortiz A. (CSI) | AC26: González J. (ERD) | AD26: ÉNFASIS: Bastidas Z. (MAT) / Betancourth Y. (CSI) / Estacio R. (ETR) / Mindineros J. (TEI) | AE26: Preciado O. (MAT) | AF26: Castillo M. (ETR) | AG26: Meza G. (CAS) | AH26: Ramírez J. (ERD) | AI26: Angulo A. (TEI) | AJ26: Villota H. (CNA) | AL26: Ortiz M. (TUTORÍA PTAFI)
A27: JUEVES | B27: 2 | C27: 07:15-08:00 | F27: Landázuri M. (ÁREAS MÚLTIPLES) | G27: Sinisterra A. (ÁREAS MÚLTIPLES) | H27: Cortés M. (ÁREAS MÚLTIPLES) | I27: Garzón S. (ÁREAS MÚLTIPLES) | J27: Tenorio L. (ÁREAS MÚLTIPLES) | K27: Torres E. (ÁREAS MÚLTIPLES) | L27: Landázuri T. (ÁREAS MÚLTIPLES) | M27: Zamora C. (ÁREAS MÚLTIPLES) | N27: Núñez E. (ÁREAS MÚLTIPLES) | O27: Cuéllar N. (ÁREAS MÚLTIPLES) | P27: Centeno C. (ÁREAS MÚLTIPLES) | Q27: Narváez D. (ÁREAS MÚLTIPLES) | R27: Escobar L. (ÁREAS MÚLTIPLES) | S27: Quiñones M. (MAT) | T27: Cuero H. (TEI) | U27: ÉNFASIS: García S. (CSI) / Lozano A. (ETR) | V27: ÉNFASIS: Aguirre J. (TEI) / Vásquez S. (MAT) | W27: ÉNFASIS: Samaniego F. (ART) / Valverde M. (CAS) | X27: ÉNFASIS: Ordóñez J. (CNA) / Arizala R. (ERD) | Y27: ÉNFASIS: Casanova Y. (ETR) / Quintero M. (CSI) | Z27: Castillo D. (CAS) | AA27: Fernández A. (TEI) | AB27: Ortiz A. (CSI) | AC27: González J. (ERD) | AD27: ÉNFASIS: Bastidas Z. (MAT) / Betancourth Y. (CSI) / Estacio R. (ETR) / Mindineros J. (TEI) | AE27: Preciado O. (MAT) | AF27: Castillo M. (ETR) | AG27: Meza G. (CAS) | AH27: Ramírez J. (ERD) | AI27: Angulo A. (TEI) | AJ27: Villota H. (CNA) | AK27: Casanova J. (ORIENTACIÓN ESCOLAR) | AL27: Ortiz M. (TUTORÍA PTAFI)
A28: JUEVES | B28: 3 | C28: 08:20-09:05 | D28: Valencia G. (ÁREAS MÚLTIPLES) | E28: Martínez A. (ÁREAS MÚLTIPLES) | F28: Landázuri M. (ÁREAS MÚLTIPLES) | G28: Sinisterra A. (ÁREAS MÚLTIPLES) | H28: Cortés M. (ÁREAS MÚLTIPLES) | I28: Garzón S. (ÁREAS MÚLTIPLES) | J28: Tenorio L. (ÁREAS MÚLTIPLES) | K28: Torres E. (ÁREAS MÚLTIPLES) | L28: Landázuri T. (ÁREAS MÚLTIPLES) | M28: Zamora C. (ÁREAS MÚLTIPLES) | N28: Núñez E. (ÁREAS MÚLTIPLES) | O28: Cuéllar N. (ÁREAS MÚLTIPLES) | P28: Centeno C. (ÁREAS MÚLTIPLES) | Q28: Narváez D. (ÁREAS MÚLTIPLES) | R28: Escobar L. (ÁREAS MÚLTIPLES) | S28: Armero J. (ERD) | T28: Lozano A. (ETR) | U28: Prado G. (ART) | V28: Quiñones M. (TEI) | W28: Arizala R. (ERD) | X28: Vásquez S. (MAT) | Y28: Quintero M. (CSI) | Z28: Casanova Y. (ETR) | AA28: Samaniego F. (ART) | AB28: Cuero B. (ERD) | AC28: Bastidas Z. (MAT) | AD28: Meza G. (CAS) | AE28: Castillo M. (ETR) | AF28: Valverde M. (CAS) | AG28: Estacio R. (ETR) | AH28: Pulgarín C. (CSI) | AI28: ÉNFASIS: Arboleda L. (ART) / Montaño F. (CAS) / Ramírez J. (ERD) / Villota H. (CNA) | AJ28: Villota J. (MAT) | AK28: Casanova J. (ORIENTACIÓN ESCOLAR) / Ponce Á. (ORIENTACIÓN ESCOLAR) | AL28: Ortiz M. (TUTORÍA PTAFI)
A29: JUEVES | B29: 4 | C29: 09:05-09:50 | D29: Valencia G. (ÁREAS MÚLTIPLES) | E29: Martínez A. (ÁREAS MÚLTIPLES) | F29: Landázuri M. (ÁREAS MÚLTIPLES) | G29: Sinisterra A. (ÁREAS MÚLTIPLES) | H29: Cortés M. (ÁREAS MÚLTIPLES) | I29: Garzón S. (ÁREAS MÚLTIPLES) | J29: Tenorio L. (ÁREAS MÚLTIPLES) | K29: Torres E. (ÁREAS MÚLTIPLES) | L29: Landázuri T. (ÁREAS MÚLTIPLES) | M29: Zamora C. (ÁREAS MÚLTIPLES) | N29: Núñez E. (ÁREAS MÚLTIPLES) | O29: Cuéllar N. (ÁREAS MÚLTIPLES) | P29: Centeno C. (ÁREAS MÚLTIPLES) | Q29: Narváez D. (ÁREAS MÚLTIPLES) | R29: Escobar L. (ÁREAS MÚLTIPLES) | S29: Armero J. (ERD) | T29: Lozano A. (ETR) | U29: Prado G. (ART) | V29: Quiñones M. (TEI) | W29: Arizala R. (ERD) | X29: Vásquez S. (MAT) | Y29: Quintero M. (CSI) | Z29: Casanova Y. (ETR) | AA29: Samaniego F. (ART) | AB29: Cuero B. (ERD) | AC29: Bastidas Z. (MAT) | AD29: Meza G. (CAS) | AE29: Castillo M. (ETR) | AF29: Valverde M. (CAS) | AG29: Estacio R. (ETR) | AH29: Pulgarín C. (CSI) | AI29: ÉNFASIS: Arboleda L. (ART) / Montaño F. (CAS) / Ramírez J. (ERD) / Villota H. (CNA) | AJ29: Villota J. (MAT) | AK29: Casanova J. (ORIENTACIÓN ESCOLAR) / Ponce Á. (ORIENTACIÓN ESCOLAR) | AL29: Ortiz M. (TUTORÍA PTAFI)
A30: JUEVES | B30: 5 | C30: 10:10-10:55 | D30: Valencia G. (ÁREAS MÚLTIPLES) | E30: Martínez A. (ÁREAS MÚLTIPLES) | F30: Landázuri M. (ÁREAS MÚLTIPLES) | G30: Sinisterra A. (ÁREAS MÚLTIPLES) | H30: Cortés M. (ÁREAS MÚLTIPLES) | I30: Garzón S. (ÁREAS MÚLTIPLES) | J30: Tenorio L. (ÁREAS MÚLTIPLES) | K30: Torres E. (ÁREAS MÚLTIPLES) | L30: Landázuri T. (ÁREAS MÚLTIPLES) | M30: Zamora C. (ÁREAS MÚLTIPLES) | N30: Núñez E. (ÁREAS MÚLTIPLES) | O30: Cuéllar N. (ÁREAS MÚLTIPLES) | P30: Centeno C. (ÁREAS MÚLTIPLES) | Q30: Narváez D. (ÁREAS MÚLTIPLES) | R30: Escobar L. (ÁREAS MÚLTIPLES) | S30: García S. (CSI) | T30: Quiñones M. (MAT) | U30: Cuero H. (CAS) | V30: Armero J. (CNA) | W30: Aguirre J. (TEI) | X30: Arizala R. (ERD) | Y30: Castillo D. (CAS) | Z30: ÉNFASIS: Fernández A. (TEI) / Preciado O. (MAT) | AA30: ÉNFASIS: Chillambo M. (CNA) / Cuero B. (ERD) / Samaniego F. (ART) / Valverde M. (CAS) | AB30: Castillo M. (ETR) | AC30: Lemos M. (CNA) | AD30: González J. (ERD) | AE30: Ortiz A. (CSI) | AF30: ÉNFASIS: Bastidas Z. (MAT) / Betancourth Y. (CSI) / Estacio R. (ETR) / Mindineros J. (TEI) | AG30: Valencia S. (ART) | AH30: ÉNFASIS: Angulo A. (TEI) / Montaño L. (ETR) / Pulgarín C. (CSI) / Villota J. (MAT) | AI30: Villota H. (CNA) | AJ30: Ramírez J. (ERD) | AK30: Casanova J. (ORIENTACIÓN ESCOLAR) / Ponce Á. (ORIENTACIÓN ESCOLAR) | AL30: Ortiz M. (TUTORÍA PTAFI)
A31: JUEVES | B31: 6 | C31: 10:55-11:40 | D31: Valencia G. (ÁREAS MÚLTIPLES) | E31: Martínez A. (ÁREAS MÚLTIPLES) | F31: Landázuri M. (ÁREAS MÚLTIPLES) | G31: Sinisterra A. (ÁREAS MÚLTIPLES) | H31: Cortés M. (ÁREAS MÚLTIPLES) | I31: Garzón S. (ÁREAS MÚLTIPLES) | J31: Tenorio L. (ÁREAS MÚLTIPLES) | K31: Torres E. (ÁREAS MÚLTIPLES) | L31: Landázuri T. (ÁREAS MÚLTIPLES) | M31: Zamora C. (ÁREAS MÚLTIPLES) | N31: Núñez E. (ÁREAS MÚLTIPLES) | O31: Cuéllar N. (ÁREAS MÚLTIPLES) | P31: Centeno C. (ÁREAS MÚLTIPLES) | Q31: Narváez D. (ÁREAS MÚLTIPLES) | R31: Escobar L. (ÁREAS MÚLTIPLES) | S31: García S. (CSI) | T31: Quiñones M. (MAT) | U31: Cuero H. (CAS) | V31: Armero J. (CNA) | W31: Aguirre J. (TEI) | X31: Arizala R. (ERD) | Y31: Castillo D. (CAS) | Z31: ÉNFASIS: Fernández A. (TEI) / Preciado O. (MAT) | AA31: ÉNFASIS: Chillambo M. (CNA) / Cuero B. (ERD) / Samaniego F. (ART) / Valverde M. (CAS) | AB31: Castillo M. (ETR) | AC31: Lemos M. (CNA) | AD31: González J. (ERD) | AE31: Ortiz A. (CSI) | AF31: ÉNFASIS: Bastidas Z. (MAT) / Betancourth Y. (CSI) / Estacio R. (ETR) / Mindineros J. (TEI) | AG31: Valencia S. (ART) | AH31: ÉNFASIS: Angulo A. (TEI) / Montaño L. (ETR) / Pulgarín C. (CSI) / Villota J. (MAT) | AI31: Villota H. (CNA) | AJ31: Ramírez J. (ERD) | AK31: Casanova J. (ORIENTACIÓN ESCOLAR) / Ponce Á. (ORIENTACIÓN ESCOLAR) | AL31: Ortiz M. (TUTORÍA PTAFI)
A32: JUEVES | B32: 7 | C32: 12:00-12:45 | S32: ÉNFASIS: Castillo D. (CAS) / Puches A. (ART) | T32: ÉNFASIS: Ordóñez J. (CNA) / Arizala R. (ERD) | U32: García S. (CSI) | V32: Prado G. (ART) | W32: Casanova Y. (ETR) | X32: Quintero M. (CSI) | Y32: Aguirre J. (TEI) | Z32: Vásquez S. (MAT) | AA32: Chillambo M. (CNA) | AB32: ÉNFASIS: Castillo M. (ETR) / Fernández A. (TEI) / Ortiz A. (CSI) / Preciado O. (MAT) | AC32: Mindineros J. (TEI) | AD32: Betancourth Y. (CSI) | AE32: ÉNFASIS: González J. (ERD) / Lemos M. (CNA) / Meza G. (CAS) / Valencia S. (ART) | AF32: Cuero B. (ERD) | AG32: Bastidas Z. (MAT) | AH32: Villota H. (CNA) | AI32: Villota J. (MAT) | AJ32: Montaño F. (CAS) | AK32: Casanova J. (ORIENTACIÓN ESCOLAR) / Ponce Á. (ORIENTACIÓN ESCOLAR)
A33: JUEVES | B33: 8 | C33: 12:45-13:30 | S33: ÉNFASIS: Castillo D. (CAS) / Puches A. (ART) | T33: ÉNFASIS: Ordóñez J. (CNA) / Arizala R. (ERD) | U33: García S. (CSI) | V33: Prado G. (ART) | W33: Casanova Y. (ETR) | X33: Quintero M. (CSI) | Y33: Aguirre J. (TEI) | Z33: Vásquez S. (MAT) | AA33: Chillambo M. (CNA) | AB33: ÉNFASIS: Castillo M. (ETR) / Fernández A. (TEI) / Ortiz A. (CSI) / Preciado O. (MAT) | AC33: Mindineros J. (TEI) | AD33: Betancourth Y. (CSI) | AE33: ÉNFASIS: González J. (ERD) / Lemos M. (CNA) / Meza G. (CAS) / Valencia S. (ART) | AF33: Cuero B. (ERD) | AG33: Bastidas Z. (MAT) | AH33: Villota H. (CNA) | AI33: Villota J. (MAT) | AJ33: Montaño F. (CAS) | AK33: Casanova J. (ORIENTACIÓN ESCOLAR) / Ponce Á. (ORIENTACIÓN ESCOLAR)
A34: VIERNES | B34: 1 | C34: 06:30-07:15 | F34: Landázuri M. (ÁREAS MÚLTIPLES) | G34: Sinisterra A. (ÁREAS MÚLTIPLES) | H34: Cortés M. (ÁREAS MÚLTIPLES) | I34: Garzón S. (ÁREAS MÚLTIPLES) | J34: Tenorio L. (ÁREAS MÚLTIPLES) | K34: Torres E. (ÁREAS MÚLTIPLES) | L34: Landázuri T. (ÁREAS MÚLTIPLES) | M34: Zamora C. (ÁREAS MÚLTIPLES) | N34: Núñez E. (ÁREAS MÚLTIPLES) | O34: Cuéllar N. (ÁREAS MÚLTIPLES) | P34: Centeno C. (ÁREAS MÚLTIPLES) | Q34: Narváez D. (ÁREAS MÚLTIPLES) | R34: Escobar L. (ÁREAS MÚLTIPLES) | S34: Prado G. (CNA) | T34: Quiñones M. (MAT) | U34: ÉNFASIS: García S. (CSI) / Lozano A. (ETR) | V34: ÉNFASIS: Aguirre J. (TEI) / Vásquez S. (MAT) | W34: Arizala R. (ERD) | X34: Puches A. (ART) | Y34: Castillo D. (CAS) | Z34: Ordóñez J. (CNA) | AA34: Ortiz A. (CSI) | AB34: Fernández A. (TEI) | AC34: Mindineros J. (TEI) | AD34: Estacio R. (ETR) | AE34: ÉNFASIS: González J. (ERD) / Lemos M. (CNA) / Meza G. (CAS) / Valencia S. (ART) | AF34: Cuero B. (ERD) | AG34: Betancourth Y. (CSI) | AH34: Arboleda L. (ART) | AI34: Ramírez J. (ERD) | AJ34: ÉNFASIS: Angulo A. (TEI) / Montaño L. (ETR) / Pulgarín C. (CSI) / Villota J. (MAT) | AL34: Ortiz M. (TUTORÍA PTAFI)
A35: VIERNES | B35: 2 | C35: 07:15-08:00 | F35: Landázuri M. (ÁREAS MÚLTIPLES) | G35: Sinisterra A. (ÁREAS MÚLTIPLES) | H35: Cortés M. (ÁREAS MÚLTIPLES) | I35: Garzón S. (ÁREAS MÚLTIPLES) | J35: Tenorio L. (ÁREAS MÚLTIPLES) | K35: Torres E. (ÁREAS MÚLTIPLES) | L35: Landázuri T. (ÁREAS MÚLTIPLES) | M35: Zamora C. (ÁREAS MÚLTIPLES) | N35: Núñez E. (ÁREAS MÚLTIPLES) | O35: Cuéllar N. (ÁREAS MÚLTIPLES) | P35: Centeno C. (ÁREAS MÚLTIPLES) | Q35: Narváez D. (ÁREAS MÚLTIPLES) | R35: Escobar L. (ÁREAS MÚLTIPLES) | S35: Prado G. (CNA) | T35: Quiñones M. (MAT) | U35: ÉNFASIS: García S. (CSI) / Lozano A. (ETR) | V35: ÉNFASIS: Aguirre J. (TEI) / Vásquez S. (MAT) | W35: Arizala R. (ERD) | X35: Puches A. (ART) | Y35: Castillo D. (CAS) | Z35: Ordóñez J. (CNA) | AA35: Ortiz A. (CSI) | AB35: Fernández A. (TEI) | AC35: Mindineros J. (TEI) | AD35: Estacio R. (ETR) | AE35: ÉNFASIS: González J. (ERD) / Lemos M. (CNA) / Meza G. (CAS) / Valencia S. (ART) | AF35: Cuero B. (ERD) | AG35: Betancourth Y. (CSI) | AH35: Arboleda L. (ART) | AI35: Ramírez J. (ERD) | AJ35: ÉNFASIS: Angulo A. (TEI) / Montaño L. (ETR) / Pulgarín C. (CSI) / Villota J. (MAT) | AK35: Casanova J. (ORIENTACIÓN ESCOLAR) | AL35: Ortiz M. (TUTORÍA PTAFI)
A36: VIERNES | B36: 3 | C36: 08:20-09:05 | D36: Valencia G. (ÁREAS MÚLTIPLES) | E36: Martínez A. (ÁREAS MÚLTIPLES) | F36: Landázuri M. (ÁREAS MÚLTIPLES) | G36: Sinisterra A. (ÁREAS MÚLTIPLES) | H36: Cortés M. (ÁREAS MÚLTIPLES) | I36: Garzón S. (ÁREAS MÚLTIPLES) | J36: Tenorio L. (ÁREAS MÚLTIPLES) | K36: Torres E. (ÁREAS MÚLTIPLES) | L36: Landázuri T. (ÁREAS MÚLTIPLES) | M36: Zamora C. (ÁREAS MÚLTIPLES) | N36: Núñez E. (ÁREAS MÚLTIPLES) | O36: Cuéllar N. (ÁREAS MÚLTIPLES) | P36: Centeno C. (ÁREAS MÚLTIPLES) | Q36: Narváez D. (ÁREAS MÚLTIPLES) | R36: Escobar L. (ÁREAS MÚLTIPLES) | S36: Cuero H. (TEI) | T36: Prado G. (CNA) | U36: Lozano A. (ETR) | V36: García S. (CSI) | W36: Castillo D. (CAS) | X36: Ordóñez J. (CNA) | Y36: Aguirre J. (TEI) | Z36: Puches A. (ART) | AA36: Cuero B. (ERD) | AB36: ÉNFASIS: Castillo M. (ETR) / Fernández A. (TEI) / Ortiz A. (CSI) / Preciado O. (MAT) | AC36: Meza G. (CAS) | AD36: ÉNFASIS: Bastidas Z. (MAT) / Betancourth Y. (CSI) / Estacio R. (ETR) / Mindineros J. (TEI) | AE36: Chillambo M. (CNA) | AF36: Samaniego F. (ART) | AG36: Valencia S. (ART) | AH36: ÉNFASIS: Angulo A. (TEI) / Montaño L. (ETR) / Pulgarín C. (CSI) / Villota J. (MAT) | AI36: Montaño F. (CAS) | AJ36: Arboleda L. (ART) | AK36: Casanova J. (ORIENTACIÓN ESCOLAR) / Ponce Á. (ORIENTACIÓN ESCOLAR) | AL36: Ortiz M. (TUTORÍA PTAFI)
A37: VIERNES | B37: 4 | C37: 09:05-09:50 | D37: Valencia G. (ÁREAS MÚLTIPLES) | E37: Martínez A. (ÁREAS MÚLTIPLES) | F37: Landázuri M. (ÁREAS MÚLTIPLES) | G37: Sinisterra A. (ÁREAS MÚLTIPLES) | H37: Cortés M. (ÁREAS MÚLTIPLES) | I37: Garzón S. (ÁREAS MÚLTIPLES) | J37: Tenorio L. (ÁREAS MÚLTIPLES) | K37: Torres E. (ÁREAS MÚLTIPLES) | L37: Landázuri T. (ÁREAS MÚLTIPLES) | M37: Zamora C. (ÁREAS MÚLTIPLES) | N37: Núñez E. (ÁREAS MÚLTIPLES) | O37: Cuéllar N. (ÁREAS MÚLTIPLES) | P37: Centeno C. (ÁREAS MÚLTIPLES) | Q37: Narváez D. (ÁREAS MÚLTIPLES) | R37: Escobar L. (ÁREAS MÚLTIPLES) | S37: Cuero H. (TEI) | T37: Prado G. (CNA) | U37: Lozano A. (ETR) | V37: García S. (CSI) | W37: Castillo D. (CAS) | X37: Ordóñez J. (CNA) | Y37: Aguirre J. (TEI) | Z37: Puches A. (ART) | AA37: Cuero B. (ERD) | AB37: ÉNFASIS: Castillo M. (ETR) / Fernández A. (TEI) / Ortiz A. (CSI) / Preciado O. (MAT) | AC37: Meza G. (CAS) | AD37: ÉNFASIS: Bastidas Z. (MAT) / Betancourth Y. (CSI) / Estacio R. (ETR) / Mindineros J. (TEI) | AE37: Chillambo M. (CNA) | AF37: Samaniego F. (ART) | AG37: Valencia S. (ART) | AH37: ÉNFASIS: Angulo A. (TEI) / Montaño L. (ETR) / Pulgarín C. (CSI) / Villota J. (MAT) | AI37: Montaño F. (CAS) | AJ37: Arboleda L. (ART) | AK37: Casanova J. (ORIENTACIÓN ESCOLAR) / Ponce Á. (ORIENTACIÓN ESCOLAR) | AL37: Ortiz M. (TUTORÍA PTAFI)
A38: VIERNES | B38: 5 | C38: 10:10-10:55 | D38: Valencia G. (ÁREAS MÚLTIPLES) | E38: Martínez A. (ÁREAS MÚLTIPLES) | F38: Landázuri M. (ÁREAS MÚLTIPLES) | G38: Sinisterra A. (ÁREAS MÚLTIPLES) | H38: Cortés M. (ÁREAS MÚLTIPLES) | I38: Garzón S. (ÁREAS MÚLTIPLES) | J38: Tenorio L. (ÁREAS MÚLTIPLES) | K38: Torres E. (ÁREAS MÚLTIPLES) | L38: Landázuri T. (ÁREAS MÚLTIPLES) | M38: Zamora C. (ÁREAS MÚLTIPLES) | N38: Núñez E. (ÁREAS MÚLTIPLES) | O38: Cuéllar N. (ÁREAS MÚLTIPLES) | P38: Centeno C. (ÁREAS MÚLTIPLES) | Q38: Narváez D. (ÁREAS MÚLTIPLES) | R38: Escobar L. (ÁREAS MÚLTIPLES) | S38: Lozano A. (ETR) | T38: Armero J. (ERD) | U38: Quiñones M. (MAT) | V38: Cuero H. (CAS) | W38: Ordóñez J. (CNA) | X38: Quintero M. (CSI) | Y38: Puches A. (ART) | Z38: Vásquez S. (MAT) | AA38: ÉNFASIS: Chillambo M. (CNA) / Cuero B. (ERD) / Samaniego F. (ART) / Valverde M. (CAS) | AB38: Preciado O. (MAT) | AC38: González J. (ERD) | AD38: Lemos M. (CNA) | AE38: Fernández A. (TEI) | AF38: ÉNFASIS: Bastidas Z. (MAT) / Betancourth Y. (CSI) / Estacio R. (ETR) / Mindineros J. (TEI) | AG38: ÉNFASIS: Arboleda L. (ART) / Montaño F. (CAS) / Ramírez J. (ERD) / Villota H. (CNA) | AH38: Villota J. (MAT) | AI38: Pulgarín C. (CSI) | AJ38: Montaño L. (ETR) | AK38: Casanova J. (ORIENTACIÓN ESCOLAR) / Ponce Á. (ORIENTACIÓN ESCOLAR) | AL38: Ortiz M. (TUTORÍA PTAFI)
A39: VIERNES | B39: 6 | C39: 10:55-11:40 | D39: Valencia G. (ÁREAS MÚLTIPLES) | E39: Martínez A. (ÁREAS MÚLTIPLES) | F39: Landázuri M. (ÁREAS MÚLTIPLES) | G39: Sinisterra A. (ÁREAS MÚLTIPLES) | H39: Cortés M. (ÁREAS MÚLTIPLES) | I39: Garzón S. (ÁREAS MÚLTIPLES) | J39: Tenorio L. (ÁREAS MÚLTIPLES) | K39: Torres E. (ÁREAS MÚLTIPLES) | L39: Landázuri T. (ÁREAS MÚLTIPLES) | M39: Zamora C. (ÁREAS MÚLTIPLES) | N39: Núñez E. (ÁREAS MÚLTIPLES) | O39: Cuéllar N. (ÁREAS MÚLTIPLES) | P39: Centeno C. (ÁREAS MÚLTIPLES) | Q39: Narváez D. (ÁREAS MÚLTIPLES) | R39: Escobar L. (ÁREAS MÚLTIPLES) | S39: Lozano A. (ETR) | T39: Armero J. (ERD) | U39: Quiñones M. (MAT) | V39: Cuero H. (CAS) | W39: Ordóñez J. (CNA) | X39: Quintero M. (CSI) | Y39: Puches A. (ART) | Z39: Vásquez S. (MAT) | AA39: ÉNFASIS: Chillambo M. (CNA) / Cuero B. (ERD) / Samaniego F. (ART) / Valverde M. (CAS) | AB39: Preciado O. (MAT) | AC39: González J. (ERD) | AD39: Lemos M. (CNA) | AE39: Fernández A. (TEI) | AF39: ÉNFASIS: Bastidas Z. (MAT) / Betancourth Y. (CSI) / Estacio R. (ETR) / Mindineros J. (TEI) | AG39: ÉNFASIS: Arboleda L. (ART) / Montaño F. (CAS) / Ramírez J. (ERD) / Villota H. (CNA) | AH39: Villota J. (MAT) | AI39: Pulgarín C. (CSI) | AJ39: Montaño L. (ETR) | AK39: Casanova J. (ORIENTACIÓN ESCOLAR) / Ponce Á. (ORIENTACIÓN ESCOLAR) | AL39: Ortiz M. (TUTORÍA PTAFI)
A40: VIERNES | B40: 7 | C40: 12:00-12:45 | S40: ÉNFASIS: Castillo D. (CAS) / Puches A. (ART) | T40: ÉNFASIS: Ordóñez J. (CNA) / Arizala R. (ERD) | U40: Armero J. (CNA) | V40: Quiñones M. (MAT) | W40: Aguirre J. (TEI) | X40: Casanova Y. (ETR) | Y40: Vásquez S. (MAT) | Z40: Quintero M. (CSI) | AA40: Preciado O. (MAT) | AB40: Chillambo M. (CNA) | AC40: Betancourth Y. (CSI) | AD40: Mindineros J. (TEI) | AE40: Cuero B. (ERD) | AF40: Fernández A. (TEI) | AG40: Lemos M. (CNA) | AH40: Ramírez J. (ERD) | AI40: Montaño L. (ETR) | AJ40: Montaño F. (CAS) | AK40: Casanova J. (ORIENTACIÓN ESCOLAR) / Ponce Á. (ORIENTACIÓN ESCOLAR)
A41: VIERNES | B41: 8 | C41: 12:45-13:30 | S41: ÉNFASIS: Castillo D. (CAS) / Puches A. (ART) | T41: ÉNFASIS: Ordóñez J. (CNA) / Arizala R. (ERD) | U41: Armero J. (CNA) | V41: Quiñones M. (MAT) | W41: Aguirre J. (TEI) | X41: Casanova Y. (ETR) | Y41: Vásquez S. (MAT) | Z41: Quintero M. (CSI) | AA41: Preciado O. (MAT) | AB41: Chillambo M. (CNA) | AC41: Betancourth Y. (CSI) | AD41: Mindineros J. (TEI) | AE41: Cuero B. (ERD) | AF41: Fernández A. (TEI) | AG41: Lemos M. (CNA) | AH41: Ramírez J. (ERD) | AI41: Montaño L. (ETR) | AJ41: Montaño F. (CAS) | AK41: Casanova J. (ORIENTACIÓN ESCOLAR) / Ponce Á. (ORIENTACIÓN ESCOLAR)

Sheet Direccion_Grupo
A1: grupo | B1: nombre | C1: tipo_direccion | D1: docente_1 | E1: docente_2 | F1: modalidad | G1: dinamizadores
A2: 0001 | B2: 0°-1 | C2: UN DINAMIZADOR(A) | D2: Valencia Solís Gloria Alexa | G2: Valencia G.
A3: 0002 | B3: 0°-2 | C3: UN DINAMIZADOR(A) | D3: Martínez Álvarez Andrea Ascención | G3: Martínez A.
A4: 0101 | B4: 1°-1 | C4: UN DINAMIZADOR(A) | D4: Landázuri Quiñones María Elia | G4: Landázuri M.
A5: 0102 | B5: 1°-2 | C5: UN DINAMIZADOR(A) | D5: Sinisterra Ana Lucía | G5: Sinisterra A.
A6: 0201 | B6: 2°-1 | C6: UN DINAMIZADOR(A) | D6: Cortés Salazar María Ebelice | G6: Cortés M.
A7: 0202 | B7: 2°-2 | C7: UN DINAMIZADOR(A) | D7: Garzón Quiñones Sixta Janina | G7: Garzón S.
A8: 0203 | B8: 2°-3 | C8: UN DINAMIZADOR(A) | D8: Tenorio Cuero Lucy Bivian | G8: Tenorio L.
A9: 0301 | B9: 3°-1 | C9: UN DINAMIZADOR(A) | D9: Torres Segura Encarnación | G9: Torres E.
A10: 0302 | B10: 3°-2 | C10: UN DINAMIZADOR(A) | D10: Landázuri Gallón Teresa | F10: PROCESOS BÁSICOS | G10: Landázuri T.
A11: 0401 | B11: 4°-1 | C11: UN DINAMIZADOR(A) | D11: Zamora Ordóñez Celia Pastora | G11: Zamora C.
A12: 0402 | B12: 4°-2 | C12: UN DINAMIZADOR(A) | D12: Núñez Perlaza Elcy | G12: Núñez E.
A13: 0501 | B13: 5°-1 | C13: UN DINAMIZADOR(A) | D13: Cuéllar Gallo Nemesia | G13: Cuéllar N.
A14: 0502 | B14: 5°-2 | C14: UN DINAMIZADOR(A) | D14: Centeno Zúñiga Claudia Patricia | G14: Centeno C.
A15: 0503 | B15: 5°-3 | C15: UN DINAMIZADOR(A) | D15: Narváez Sánchez Dora Alejandra | F15: ACELERACIÓN DEL APRENDIZAJE | G15: Narváez D.
A16: 0504 | B16: 5°-4 | C16: UN DINAMIZADOR(A) | D16: Escobar Cortés Liliana | F16: ACELERACIÓN DEL APRENDIZAJE | G16: Escobar L.
A17: 0601 | B17: 6°-1 | C17: DUAL (ambos responsables) | D17: Quiñones Cabezas Marcos Vidal | E17: Montaño Anchico Favio Héctor | G17: Quiñones M. / Montaño F.
A18: 0602 | B18: 6°-2 | C18: DUAL (ambos responsables) | D18: Lozano Torres Amanda Inés | E18: Armero Dájome Jesús | G18: Lozano A. / Armero J.
A19: CS101 | B19: CS 1-1 | C19: DUAL (ambos responsables) | D19: García Gobea Saydi Magali | E19: Cuero Rincón Hernando Jesús | G19: García S. / Cuero H.
A20: CS102 | B20: CS 1-2 | C20: DUAL (ambos responsables) | D20: Puches Ana Milena | E20: Vásquez Valencia Segundo Leoncio | G20: Puches A. / Vásquez S.
A21: 0701 | B21: 7°-1 | C21: DUAL (ambos responsables) | D21: Castillo Cuero Daira Eneida | E21: Ordóñez Tenorio Jaime Marcial | G21: Castillo D. / Ordóñez J.
A22: 0702 | B22: 7°-2 | C22: DUAL (ambos responsables) | D22: Quintero Ramírez María del Carmen | E22: Prado Quiñones Genís Maribel | G22: Quintero M. / Prado G.
A23: 0703 | B23: 7°-3 | C23: DUAL (ambos responsables) | D23: Castillo Angulo Martha Cecilia | E23: Aguirre Riascos Jorge Andrés | G23: Castillo M. / Aguirre J.
A24: 0704 | B24: 7°-4 | C24: DUAL (ambos responsables) | D24: Arizala Castro Roberto Carlos | E24: Ramírez Guerra Jimmy Eduardo | G24: Arizala R. / Ramírez J.
A25: 0801 | B25: 8°-1 | C25: DUAL (ambos responsables) | D25: Valverde Montaño María Teresa | E25: Fernández Vélez Alfredo Enrique | G25: Valverde M. / Fernández A.
A26: 0802 | B26: 8°-2 | C26: DUAL (ambos responsables) | D26: Chillambo Quiñones María Rocío | E26: Casanova Quiñones Yoli del Carmen | G26: Chillambo M. / Casanova Y.
A27: 0901 | B27: 9°-1 | C27: DUAL (ambos responsables) | D27: Estacio Estupiñán Rosario | E27: González Castillo Jólmer Jimy | G27: Estacio R. / González J.
A28: 0902 | B28: 9°-2 | C28: DUAL (ambos responsables) | D28: Bastidas Valencia Zeneida Judith | E28: Villota Rubio Héctor Hugo | G28: Bastidas Z. / Villota H.
... A34: 1102 | B34: 11°-2 | C34: DUAL (ambos responsables) | D34: Arboleda Ortiz Luz América | E34: Montaño Arizala Leidis Claudina | G34: Arboleda L. / Montaño L.

Sheet Motivos
A1: categoria | B1: motivo | C1: justificada | D1: soporte_sugerido | E1: requiere_soporte | F1: plazo_dias
A2: SIN JUSTIFICACIÓN | B2: Sin justificación | C2: NO | D2: Cualquier soporte que la justifique | E2: SI | F2: 3
A3: SALUD | B3: Mal estado de salud | C3: SI | D3: Constancia médica o incapacidad | E3: SI | F3: 5
A4: SALUD | B4: Incapacidad Médica | C4: SI | D4: Copia incapacidad/licencia | E4: SI | F4: 5
A5: SALUD | B5: Cita médica | C5: SI | D5: Constancia o comprobante de la cita médica | E5: SI | F5: 5
A6: SALUD | B6: Exámenes clínicos | C6: SI | D6: Constancia de cita | E6: SI | F6: 5
A7: PERMISO INSTITUCIONAL | B7: Permiso del rector | C7: SI | D7: Formato Permiso Docente (ya está en rectoría) | E7: NO | F7: 5
A8: PERMISO INSTITUCIONAL | B8: Reunión o actividad institucional | C8: SI | D8: No requiere soporte (actividad del colegio) | E8: NO | F8: 5
A9: PERMISO INSTITUCIONAL | B9: Permiso por horas (personal) | C9: SI | D9: Autorización del rector o coordinación | E9: NO | F9: 5
A10: ACTIVIDAD INSTITUCIONAL | B10: Comité o consejo (calidad, académico, convivencia) | C10: SI | D10: No requiere soporte (actividad del colegio) | E10: NO | F10: 5
A11: ACTIVIDAD INSTITUCIONAL | B11: Reunión PTAFI con la tutora | C11: SI | D11: No requiere soporte (actividad del colegio) | E11: NO | F11: 5
A12: ACTIVIDAD INSTITUCIONAL | B12: Reunión de docentes o de área | C12: SI | D12: No requiere soporte (actividad del colegio) | E12: NO | F12: 5
... A37: PERMISO SINDICAL | B37: Invitación sindical (encuentro, asamblea, delegados) | C37: SI | D37: Invitación o citación del sindicato | E37: SI | F37: 5

Sheet Novedades
A1: Marca temporal | B1: Fecha Novedad | C1: Docente | D1: Tipo Novedad | E1: Actividad de Aprendizaje | F1: Motivo Ausencia | G1: Descripción | H1: Fuente Novedad | I1: Medio Información | J1: Grado | K1: Grupo | L1: Área/Asignatura | M1: Horario | N1: Minutos Desatendidos | O1: Directivo Docente | P1: Sesiones | Q1: Justificada | R1: Categoría motivo | S1: Grupo atendido por | T1: ID registro

Sheet Bandeja_WhatsApp
A1: fecha | B1: hora | C1: remitente | D1: docente | E1: tipo_novedad | F1: motivo | G1: categoria | H1: justificada | I1: confianza | J1: mensaje | K1: confirmar | L1: importado | M1: id | N1: origen | O1: sesion | P1: grupo

Sheet Notas_Ronda
A1: id | B1: fecha_registro | C1: fecha | D1: directivo | E1: sesion | F1: texto | G1: audio_id | H1: audio_url | I1: duracion_seg | J1: propuestas

Sheet Alternancias
A1: area | B1: docente_a | C1: docente_b | D1: nota
A2: ETR | B2: Casanova Quiñones Yoli del Carmen | C2: Castillo Angulo Martha Cecilia | D2: Alternan cada semana (Ética / Religión) entre 7° y 8° (+ CS 2)
A3: ETR | B3: Estacio Estupiñán Rosario | C3: Montaño Arizala Leidis Claudina | D3: Alternan cada semana (Ética / Religión) entre 9° - 10°-1 y 10°-2 - 11°
A4: CSI | B4: Quintero Ramírez María del Carmen | C4: Ortiz Araujo Adiela Carlota | D4: Alternan cada semana (Sociales / Inglés) entre 7° y 8° (+ CS 2)
A5: CSI | B5: Betancourth Ocampo Yohana Patricia | C5: Pulgarín Ortiz César Marino | D5: Alternan cada semana (Sociales / Inglés) entre 9° - 10°-1 y 10°-2 - 11°
A6: CNA | B6: Lemos Guancha Miriam | C6: Villota Rubio Héctor Hugo | D6: Alternan cada semana (Ciencias Naturales: química / física) entre 9° - 10°-1 y 10°-2 - 11°

Sheet Semana_Alternancia
A1: semana | B1: clave | C1: elegido | D1: intercambio | E1: definido_por | F1: fecha_definicion

Sheet Reuniones
A1: id | B1: fecha | C1: tipo | D1: nombre | E1: inicio | F1: fin | G1: sin_estudiantes | H1: convocados | I1: creado_por | J1: fecha_creacion

Sheet Asistencia_Reunion
A1: id_reunion | B1: fecha | C1: persona | D1: estado | E1: motivo | F1: observacion | G1: registrado_por | H1: fecha_registro

Sheet Incumplimientos
A1: id | B1: fecha | C1: docente | D1: tipo | E1: sesiones | F1: grupo | G1: area | H1: minutos | I1: donde | J1: descripcion | K1: explicacion_docente | L1: registrado_por | M1: fecha_registro | N1: estado | O1: seguimiento | P1: reincidencia

Sheet Usuarios
A1: email | B1: docente | C1: estado | D1: fecha_solicitud | E1: autoriza_datos | F1: fecha_autorizacion | G1: version_texto | H1: aprobado_por | I1: fecha_aprobacion

Sheet Soportes
A1: id | B1: fecha_carga | C1: docente | D1: clave | E1: inicio | F1: fin | G1: motivo_declarado | H1: tipo_documento | I1: archivo_id | J1: archivo_url | K1: estado | L1: extemporaneo | M1: comentario | N1: revisado_por | O1: fecha_revision | P1: observacion_revision

Sheet Parametros
A1: clave | B1: valor
A2: soportes_desde | B2: 2026-10-05
A3: carpeta_soportes_id
A4: audio_conservar_dias | B4: 30

Sheet Registro_Ronda
A1: marca_temporal | B1: fecha | C1: dia | D1: sesion | E1: franja | F1: docente | G1: grupo | H1: area | I1: estado | J1: motivo | K1: justificada | L1: minutos | M1: observaciones | N1: directivo | O1: atendido_por

Sheet Directivos
A1: nombre | B1: rol | C1: correo_temporal
A2: Francisco Cortés | B2: Coordinador académico | C2: coordinador.academico.temporal@example.com
A3: Verónica Barreiro | B3: Coordinadora de redes de apoyo | C3: coordinadora.redes.temporal@example.com
A4: Harold Angulo | B4: Coordinador de convivencia | C4: coordinador.convivencia.temporal@example.com
A5: Jorge Hernández | B5: Rector | C5: rector.temporal@example.com

Sheet Listas
A1: lista | B1: valor
A2: tipo_novedad | B2: Presente
A3: tipo_novedad | B3: No asistió
A4: tipo_novedad | B4: Ausente temporal
A5: tipo_novedad | B5: Llegada tarde
A6: tipo_novedad | B6: Llegada tarde informada
A7: tipo_novedad | B7: Salida temprana
A8: tipo_novedad | B8: Salida temprana informada
A9: fuente | B9: Coordinador(a)
A10: fuente | B10: Docente ausente
A11: fuente | B11: Estudiantes
A12: fuente | B12: Otro docente
... A29: tipo_documento | B29: Otro soporte

Sheet Franjas
A1: hora | B1: bloque | C1: sesion | D1: inicio | E1: fin | F1: inicio_min | G1: fin_min
A2: 1 | B2: 1 | C2: 1 | D2: 06:30 | E2: 07:15 | F2: 390 | G2: 435
A3: 2 | B3: 1 | C3: 2 | D3: 07:15 | E3: 08:00 | F3: 435 | G3: 480
A4: 3 | B4: 2 | C4: 1 | D4: 08:20 | E4: 09:05 | F4: 500 | G4: 545
A5: 4 | B5: 2 | C5: 2 | D5: 09:05 | E5: 09:50 | F5: 545 | G5: 590
A6: 5 | B6: 3 | C6: 1 | D6: 10:10 | E6: 10:55 | F6: 610 | G6: 655
A7: 6 | B7: 3 | C7: 2 | D7: 10:55 | E7: 11:40 | F7: 655 | G7: 700
A8: 7 | B8: 4 | C8: 1 | D8: 12:00 | E8: 12:45 | F8: 720 | G8: 765
A9: 8 | B9: 4 | C9: 2 | D9: 12:45 | E9: 13:30 | F9: 765 | G9: 810

Sheet Grupos
A1: grupo | B1: tipo | C1: grado | D1: nombre | E1: modalidad
A2: 0001 | B2: REGULAR | C2: 0° | D2: 0°-1
A3: 0002 | B3: REGULAR | C3: 0° | D3: 0°-2
A4: 0101 | B4: REGULAR | C4: 1° | D4: 1°-1
A5: 0102 | B5: REGULAR | C5: 1° | D5: 1°-2
A6: 0201 | B6: REGULAR | C6: 2° | D6: 2°-1
A7: 0202 | B7: REGULAR | C7: 2° | D7: 2°-2
A8: 0203 | B8: REGULAR | C8: 2° | D8: 2°-3
A9: 0301 | B9: REGULAR | C9: 3° | D9: 3°-1
A10: 0302 | B10: REGULAR | C10: 3° | D10: 3°-2 | E10: PROCESOS BÁSICOS
A11: 0401 | B11: REGULAR | C11: 4° | D11: 4°-1
A12: 0402 | B12: REGULAR | C12: 4° | D12: 4°-2
A13: 0501 | B13: REGULAR | C13: 5° | D13: 5°-1
A14: 0502 | B14: REGULAR | C14: 5° | D14: 5°-2
A15: 0503 | B15: REGULAR | C15: 5° | D15: 5°-3 | E15: ACELERACIÓN DEL APRENDIZAJE
A16: 0504 | B16: REGULAR | C16: 5° | D16: 5°-4 | E16: ACELERACIÓN DEL APRENDIZAJE
A17: 0601 | B17: REGULAR | C17: 6° | D17: 6°-1
A18: 0602 | B18: REGULAR | C18: 6° | D18: 6°-2
A19: CS101 | B19: CAMINAR EN SECUNDARIA 1 | C19: 6°-7° | D19: CS 1-1
A20: CS102 | B20: CAMINAR EN SECUNDARIA 1 | C20: 6°-7° | D20: CS 1-2
A21: 0701 | B21: REGULAR | C21: 7° | D21: 7°-1
A22: 0702 | B22: REGULAR | C22: 7° | D22: 7°-2
A23: 0703 | B23: REGULAR | C23: 7° | D23: 7°-3
A24: 0704 | B24: REGULAR | C24: 7° | D24: 7°-4
A25: 0801 | B25: REGULAR | C25: 8° | D25: 8°-1
A26: 0802 | B26: REGULAR | C26: 8° | D26: 8°-2
A27: 0901 | B27: REGULAR | C27: 9° | D27: 9°-1
A28: 0902 | B28: REGULAR | C28: 9° | D28: 9°-2
... A36: PTAFI | B36: TRANSVERSAL | C36: Preescolar y primaria | D36: Tutora PTAFI (preescolar y primaria)
